batch times pre normalized by hold_sec =,5.0
wer, 741.066666667
cer, 146.263157895
bs, 48
hold_idx, 2510
cuda, True
avg batch time, 0.200344856854
99%-tile latency, 0.211930167675
through put, 239.586884104
data
0.201337385178
0.198544597626
0.198419380188
0.199188995361
0.199357175827
0.198932600021
0.199429607391
0.198939228058
0.199229383469
0.199475765228
0.199470186234
0.199637985229
0.199583816528
0.199408435822
0.199740791321
0.199963998795
0.199859428406
0.19956278801
0.199821805954
0.199600601196
0.199715423584
0.199773597717
0.199678611755
0.199750423431
0.199810028076
0.199763202667
0.199781990051
0.200154209137
0.199818229675
0.199224805832
0.199136638641
0.199194383621
0.199174022675
0.198742628098
0.199350786209
0.199424028397
0.199578809738
0.199736976624
0.199632024765
0.199126195908
0.199429798126
0.19951300621
0.199250364304
0.199695587158
0.199117994308
0.199296379089
0.199728965759
0.200255393982
0.199482440948
0.199889802933
0.199910974503
0.19977440834
0.199604797363
0.199612379074
0.199551773071
0.199654006958
0.199370765686
0.199747037888
0.199845409393
0.199817180634
0.199730825424
0.199544811249
0.199872779846
0.200080394745
0.200157403946
0.200187587738
0.19981918335
0.199657201767
0.200011587143
0.199974775314
0.199910020828
0.199891376495
0.20005235672
0.199959230423
0.199893379211
0.199858570099
0.199914216995
0.199799394608
0.199691390991
0.200718212128
0.1999584198
0.200299978256
0.199894809723
0.199955558777
0.200055789948
0.199788999557
0.200004577637
0.200533437729
0.202001190186
0.200414037704
0.203643226624
0.200222015381
0.20127081871
0.200835990906
0.213001585007
0.213195371628
0.205858802795
0.200452423096
0.199864435196
0.200003433228
0.200166416168
0.199767780304
0.200166606903
0.201242208481
0.205593395233
0.20538020134
0.205142354965
0.205288791656
0.204999399185
0.205704593658
0.201491785049
0.200651979446
0.201093006134
0.200832414627
0.200729417801
0.189154005051
