batch times pre normalized by hold_sec =,5.0
wer, 741.066666667
cer, 146.263157895
bs, 64
hold_idx, 2510
cuda, True
avg batch time, 0.215851546978
99%-tile latency, 0.218351860046
through put, 296.500075612
data
0.219244194031
0.215553998947
0.213828420639
0.215500593185
0.213602590561
0.214512634277
0.214360189438
0.215473794937
0.214951181412
0.213899183273
0.215267801285
0.214216184616
0.215878629684
0.2142141819
0.215012025833
0.214142799377
0.215122795105
0.215657997131
0.214155197144
0.215662574768
0.214306020737
0.216083812714
0.21433262825
0.215566587448
0.214658164978
0.215991973877
0.215375423431
0.214647006989
0.216090393066
0.21472120285
0.216657209396
0.215194797516
0.216306829453
0.215120792389
0.216615390778
0.21555018425
0.215630197525
0.215050601959
0.216087007523
0.216257381439
0.215877199173
0.216429185867
0.215586805344
0.21677942276
0.215485811234
0.216561365128
0.215510416031
0.216859006882
0.215506982803
0.21656999588
0.215634393692
0.216943407059
0.216144609451
0.217131376266
0.21612200737
0.216545772552
0.215911579132
0.215957212448
0.215271806717
0.216601800919
0.216190814972
0.216544389725
0.216996622086
0.216766405106
0.21711602211
0.216482973099
0.21679058075
0.216172409058
0.217257595062
0.216081190109
0.217266798019
0.216425228119
0.21683883667
0.216278028488
0.217449378967
0.216171360016
0.218206596375
0.216718006134
0.217178821564
0.216792201996
0.217395591736
0.217253160477
0.217388629913
0.216589832306
0.21787776947
0.217392206192
0.205532407761
