batch times pre normalized by hold_sec =,2.0
wer, 0.0
cer, 0.0
bs, 64
hold_idx, 86
cuda, True
avg batch time, 0.20026292198
99%-tile latency, 0.203460834026
through put, 319.57987713
data
0.21098446846
0.199899554253
0.19953250885
0.200871944427
0.200569987297
0.198612451553
0.20026242733
0.199586033821
0.198597431183
0.200092434883
0.198852419853
0.200152039528
0.199604511261
0.199330568314
0.200258970261
0.198415994644
0.201282501221
0.199473977089
0.199003458023
0.199738502502
0.198759078979
0.199979543686
0.199463009834
0.198849916458
0.200178980827
0.198549985886
0.200159549713
0.199417471886
0.199054956436
0.200123071671
0.198715567589
0.201335430145
0.200016975403
0.200593948364
0.201458930969
0.199506044388
0.20129597187
0.199799060822
0.198706507683
0.201075077057
0.199420928955
0.201614022255
0.199756503105
0.199442028999
0.200843572617
0.199391961098
0.201578021049
0.200147986412
0.200047016144
0.201090097427
0.199496507645
0.201391577721
0.199456930161
0.200989961624
0.200788021088
0.199455976486
0.201213002205
0.199815034866
0.20162498951
0.201079010963
0.199143052101
0.201275467873
0.199756979942
0.201303005219
0.200917482376
0.200845003128
0.201441526413
0.199728488922
0.20145046711
0.200257539749
0.201063036919
0.200783967972
0.199913024902
0.201421499252
0.200064063072
0.202236056328
0.201372027397
0.199612021446
0.201529502869
0.199819087982
0.201945066452
0.201153993607
0.201823472977
0.201579928398
0.199806451797
0.201945066452
0.189882516861
