batch times pre normalized by hold_sec =,2.0
wer, 0.0
cer, 0.0
bs, 48
hold_idx, 86
cuda, True
avg batch time, 0.181687152591
99%-tile latency, 0.184128719568
through put, 264.190391645
data
0.194653511047
0.180984020233
0.180792927742
0.18196105957
0.181527972221
0.182235002518
0.180882453918
0.179525971413
0.180384039879
0.181921958923
0.180662512779
0.180472970009
0.181034445763
0.181250929832
0.181449532509
0.181852459908
0.181154966354
0.180849432945
0.180112481117
0.181193947792
0.181407094002
0.1818369627
0.174283981323
0.181277990341
0.179561018944
0.180615067482
0.181432008743
0.181828975677
0.182380437851
0.181231498718
0.180924534798
0.181147456169
0.182070970535
0.181625008583
0.181725025177
0.182055473328
0.180384993553
0.181092500687
0.183072090149
0.181970477104
0.181301951408
0.181032538414
0.179643034935
0.182137489319
0.182554483414
0.182051420212
0.180715560913
0.181197047234
0.18088889122
0.183568000793
0.18195950985
0.182484984398
0.180719017982
0.180999517441
0.181861519814
0.181488037109
0.181915044785
0.182276010513
0.179758429527
0.181893587112
0.182461977005
0.181630969048
0.181924939156
0.181856036186
0.180962085724
0.181854605675
0.181522011757
0.181217551231
0.182679057121
0.181302547455
0.180536985397
0.182062983513
0.183250069618
0.182348489761
0.181288957596
0.180607914925
0.18140900135
0.182997941971
0.182465553284
0.182968497276
0.18073451519
0.181977510452
0.182254433632
0.18283200264
0.183014988899
0.181399941444
0.180993080139
0.182170510292
0.181684494019
0.182886958122
0.182222604752
0.18054997921
0.181954979897
0.183479070663
0.182486057281
0.182943463326
0.181177020073
0.181893110275
0.182639479637
0.181918025017
0.182730436325
0.181595563889
0.181230545044
0.182358980179
0.182730555534
0.182824969292
0.182592511177
0.181479454041
0.184159994125
0.183951497078
0.182987928391
0.182107567787
0.18151807785
0.182646989822
0.183640003204
0.171321988106
