batch times pre normalized by hold_sec =,2.0
wer, 0.0
cer, 0.0
bs, 64
hold_idx, 86
cuda, False
avg batch time, 1.70662913651
99%-tile latency, 1.99215189695
through put, 37.5008246553
data
1.88410794735
1.91573858261
2.46154797077
1.69278454781
1.69352054596
1.6923019886
1.69813156128
1.69583404064
1.69800055027
1.69731104374
1.70295202732
1.686460495
1.69741845131
1.69403100014
1.6943179369
1.69247555733
1.68893504143
1.69401502609
1.69253849983
1.69635653496
1.69981658459
1.6973375082
1.70506501198
1.69074547291
1.70182347298
1.69223690033
1.69332945347
1.69700944424
1.69368946552
1.69530296326
1.69378101826
1.69949352741
1.69710350037
1.69402146339
1.69813394547
1.69564855099
1.69286096096
1.69599604607
1.69423556328
1.69081151485
1.69979798794
1.69849205017
1.69782960415
1.70004749298
1.70340406895
1.70055449009
1.69321811199
1.70039498806
1.69718945026
1.69073843956
1.69718754292
1.69222450256
1.69428801537
1.69007003307
1.69265043736
1.69551897049
1.69437098503
1.69204199314
1.7010229826
1.69843196869
1.692055583
1.69802248478
1.69579696655
1.6965225935
1.69788050652
1.69154644012
1.69961249828
1.69459593296
1.69746601582
1.69099295139
1.69101548195
1.69488060474
1.69761145115
1.69282639027
1.69402945042
1.69494199753
1.70158553123
1.69533348083
1.70831847191
1.69232845306
1.69506549835
1.70098340511
1.69850444794
1.6990339756
1.70495045185
1.69593501091
1.44820296764
