batch times pre normalized by hold_sec =,2.0
wer, 0.0
cer, 0.0
bs, 48
hold_idx, 86
cuda, False
avg batch time, 1.5553395224
99%-tile latency, 1.81025170088
through put, 30.8614288447
data
1.67058646679
1.25282907486
1.25046789646
1.25203406811
1.25240504742
1.25219297409
1.24707758427
1.24599099159
1.25004041195
1.25604093075
1.24690294266
1.25053548813
1.2444729805
1.24591100216
1.25079154968
1.24766850471
1.2479006052
1.24444293976
1.24907398224
1.24602258205
1.24975407124
1.24796998501
1.24380242825
1.24484348297
1.24539840221
1.2503579855
1.24530899525
1.2509649992
1.24762248993
1.25313448906
1.24767947197
1.24603700638
1.25255489349
1.79150950909
1.80741107464
1.8052560091
1.80564498901
1.80518198013
1.33746707439
1.24741351604
1.24847745895
1.24551749229
1.24859452248
1.254109025
1.24903559685
1.2494904995
1.24536848068
1.2539229393
1.25319898129
1.2505325079
1.25460803509
1.80686998367
1.79625201225
1.80289196968
1.79909443855
1.24957704544
1.79685759544
1.78899347782
1.77646255493
1.57046103477
1.7907384634
1.78994691372
1.78899848461
1.80024039745
1.79123198986
1.79183089733
1.77932691574
1.78220307827
1.81075298786
1.26328253746
1.7780585289
1.79195094109
1.79488992691
1.7855745554
1.78880596161
1.7963180542
1.29517006874
1.77550446987
1.78372299671
1.79872202873
1.79854953289
1.78820490837
1.78763794899
1.78769600391
1.7901610136
1.79204201698
1.77812600136
1.78834342957
1.8001819849
1.5311974287
1.78509795666
1.79077839851
1.78531098366
1.26038253307
1.78500592709
1.78136944771
1.80094051361
1.77172446251
1.80594003201
1.80456101894
1.79130148888
1.80301749706
1.79312908649
1.79869008064
1.78987300396
1.7916765213
1.79505348206
1.79871296883
1.7821110487
1.80180799961
1.25982308388
1.79378449917
1.80735003948
1.80166745186
1.79122006893
1.86062800884
