batch times pre normalized by hold_sec =,1.0
wer, 99.8246087426
cer, 99.8000506201
bs, 5
hold_idx, -1
cuda, False
avg batch time, 0.146933616002
50%-tile latency, 0.0310803890228
99%-tile latency, 0.0363171882629
through put, 32.1746294509
data
0.195244073868
0.176787137985
0.173470020294
0.175523996353
0.176585912704
0.172237157822
0.166712999344
0.166007995605
0.16650891304
0.166462898254
0.166469812393
0.166101932526
0.166235923767
0.166164875031
0.166501998901
0.166156053543
0.166347026825
0.166244029999
0.166490077972
0.166758775711
0.174981117249
0.175920009613
0.175877809525
0.176617860794
0.174964904785
0.122637987137
0.121742963791
0.121713161469
0.121757984161
0.121699094772
0.121710062027
0.121632814407
0.121807813644
0.12168598175
0.12176990509
0.121729850769
0.121730089188
0.121733903885
0.12168097496
0.121626853943
0.123775005341
0.163253068924
0.173072099686
0.174226999283
0.17467713356
0.1752140522
0.172836065292
0.155401945114
0.121666908264
0.1216340065
0.121706962585
0.121773958206
0.12157702446
0.121751070023
0.121880054474
0.121820926666
0.121721029282
0.121717214584
0.121681928635
0.12184214592
0.121754169464
0.121611833572
0.13706111908
0.173999071121
0.173636198044
0.17172908783
0.166901826859
0.173125982285
0.172698020935
0.121732950211
0.121751785278
0.121695995331
0.121657848358
0.121690034866
0.12171292305
