batch times pre normalized by hold_sec =,1.0
wer, 99.8245271983
cer, 99.7991381199
bs, 7
hold_idx, -1
cuda, False
avg batch time, 0.181725861231
50%-tile latency, 0.0274465765272
99%-tile latency, 0.0293761198861
through put, 36.4344164748
data
0.21183681488
0.19157409668
0.191070795059
0.190941095352
0.191206216812
0.190377950668
0.190938949585
0.192759037018
0.192419052124
0.194185018539
0.193485021591
0.192589998245
0.194841146469
0.194556951523
0.192108869553
0.192247867584
0.19219994545
0.19212603569
0.192582845688
0.191929101944
0.192355871201
0.192044019699
0.191338062286
0.189404964447
0.201261997223
0.203453063965
0.198781013489
0.177125930786
0.192302942276
0.191854953766
0.191812038422
0.193218946457
0.193128108978
0.19309592247
0.192851066589
0.193413972855
0.193435192108
0.192939043045
0.191854953766
0.190953016281
0.19180393219
0.189539909363
0.179615974426
0.195056915283
0.195194005966
0.19470000267
0.194504976273
0.194928884506
0.19509100914
0.194952011108
0.194530010223
0.195296049118
0.194249153137
0.192533969879
0.192294120789
0.192399978638
0.147980928421
0.172642946243
0.173414945602
0.135890960693
0.135893106461
0.137122869492
0.135843992233
0.135773897171
0.135751008987
0.135772943497
0.135875940323
0.13583612442
0.13588309288
0.13563990593
0.135760068893
0.138615131378
0.170382976532
0.191281080246
0.194784879684
