batch times pre normalized by hold_sec =,1.0
wer, 99.8230088496
cer, 99.842063701
bs, 2
hold_idx, -1
cuda, False
avg batch time, 0.142542508443
50%-tile latency, 0.0715425014496
99%-tile latency, 0.0793512654305
through put, 13.9777052764
data
0.164037942886
0.151623010635
0.148399114609
0.147622823715
0.147467851639
0.142485141754
0.151593923569
0.133542776108
0.149543046951
0.150405883789
0.141405105591
0.141386985779
0.141142845154
0.141583919525
0.141592025757
0.141423940659
0.143265008926
0.143085002899
0.143659114838
0.144047021866
0.125967025757
0.102105855942
0.102097034454
0.102077960968
0.122430801392
0.149659156799
0.113766908646
0.132756948471
0.141545057297
0.154630899429
0.154997110367
0.152087926865
0.152194976807
0.151901960373
0.152255058289
0.152348041534
0.152155160904
0.152143955231
0.152244091034
0.152319908142
0.152384996414
0.152291059494
0.151907920837
0.152294874191
0.152205944061
0.149179935455
0.150589942932
0.148729085922
0.14670586586
0.146558046341
0.146003007889
0.14449596405
0.141749858856
0.142191171646
0.142380952835
0.14208316803
0.142087936401
0.142091035843
0.142227888107
0.14226603508
0.142039060593
0.142002820969
0.142139911652
0.142154932022
0.141999959946
0.14209485054
0.142160177231
0.14205288887
0.142761945724
0.142058849335
0.156827926636
0.156425952911
0.140224933624
0.102149963379
0.102170944214
