batch times pre normalized by hold_sec =,1.0
wer, 99.6578272027
cer, 99.7592681753
bs, 1
hold_idx, -1
cuda, False
avg batch time, 0.0986197535197
50%-tile latency, 0.103137016296
99%-tile latency, 0.107880554199
through put, 9.69583992159
data
0.100337028503
0.109791994095
0.106992959976
0.106908082962
0.106937885284
0.106832027435
0.10685801506
0.106892108917
0.10688495636
0.106917142868
0.10689997673
0.106928110123
0.106896162033
0.106929063797
0.106854915619
0.107182979584
0.107203960419
0.106329917908
0.106338977814
0.104570150375
0.101167917252
0.0998678207397
0.101572990417
0.103739023209
0.103492975235
0.104111194611
0.102946043015
0.0849890708923
0.0850579738617
0.0850298404694
0.0850110054016
0.0850150585175
0.0850319862366
0.0850930213928
0.0850939750671
0.0850188732147
0.0850780010223
0.0850360393524
0.0851051807404
0.0850548744202
0.0850229263306
0.0850570201874
0.0850930213928
0.0850508213043
0.0850908756256
0.0850338935852
0.0850381851196
0.0850150585175
0.0875468254089
0.0978908538818
0.103424072266
0.107208967209
0.103184938431
0.10387802124
0.101958990097
0.101926088333
0.103869915009
0.1034719944
0.103749990463
0.0966398715973
0.103049993515
0.103133916855
0.103219985962
0.10317492485
0.103114128113
0.103137016296
0.103091001511
0.10320186615
0.103137016296
0.10315990448
0.103178024292
0.103114128113
0.103134870529
0.103312969208
0.103170156479
