batch times pre normalized by hold_sec =,1.0
wer, 94.3014705882
cer, 93.7323642582
bs, 3
hold_idx, -1
cuda, False
avg batch time, 0.452206589381
50%-tile latency, 0.169199625651
99%-tile latency, 0.177393840154
through put, 5.91017856069
data
0.545124053955
0.519670009613
0.508997917175
0.509583950043
0.411462068558
0.447158098221
0.511973142624
0.510692834854
0.509499073029
0.509311914444
0.444875955582
0.348779916763
0.348628044128
0.348567962646
0.348424911499
0.349937915802
0.44920706749
0.510573863983
0.509593963623
0.509016036987
0.510118961334
0.509801864624
0.508299827576
0.516753911972
0.511123180389
0.509602069855
0.348694086075
0.348579883575
0.363460063934
0.511333942413
0.510859012604
0.449814081192
0.348576068878
0.348592996597
0.348566055298
0.348616838455
0.481017112732
0.494215965271
0.42214012146
0.348833084106
0.348860025406
0.348727941513
0.348871946335
0.363435983658
0.396525144577
0.503419876099
0.36262011528
0.348748922348
0.3488240242
0.348680973053
0.348785877228
0.367243051529
0.490964889526
0.512128829956
0.527634143829
0.527288913727
0.527339935303
0.524826049805
0.488665819168
0.359127998352
0.507884025574
0.507207870483
0.507598876953
0.508898973465
0.509443998337
0.509216070175
0.508219003677
0.50837802887
0.508308887482
0.508284091949
0.509443044662
0.509909152985
0.509907960892
0.510499954224
0.509495973587
