batch times pre normalized by hold_sec =,1.0
wer, 93.3276304534
cer, 92.5052158562
bs, 1
hold_idx, -1
cuda, False
avg batch time, 0.29274939537
50%-tile latency, 0.271073102951
99%-tile latency, 0.333473443985
through put, 3.68904177181
data
0.299353122711
0.277055025101
0.26971912384
0.269725799561
0.269670009613
0.269641160965
0.288629055023
0.330053091049
0.330325126648
0.332717180252
0.280128002167
0.269622087479
0.269476890564
0.269632101059
0.269671916962
0.269614934921
0.269648075104
0.29567694664
0.335625886917
0.3289539814
0.304949998856
0.269958972931
0.26988697052
0.26979804039
0.269844055176
0.269886016846
0.269850969315
0.271073102951
0.320602178574
0.329516172409
0.328794956207
0.299293994904
0.269809961319
0.269853830338
0.26989197731
0.269860982895
0.269805908203
0.269790172577
0.28214597702
0.330048084259
0.33117389679
0.274245023727
0.271041870117
0.269777059555
0.26974105835
0.26984000206
0.269952058792
0.269843101501
0.26985001564
0.274689912796
0.329598903656
0.330242872238
0.329095125198
0.328846931458
0.329210996628
0.32909488678
0.329102039337
0.329204082489
0.329164028168
0.329135894775
0.330366134644
0.328852891922
0.29918718338
0.269777059555
0.269737958908
0.269810914993
0.269680023193
0.269707918167
0.269689083099
0.291208028793
0.329164028168
0.329207897186
0.327569961548
0.270020961761
0.269773006439
