batch times pre normalized by hold_sec =,1.0
wer, 94.3897818248
cer, 93.9286368633
bs, 11
hold_idx, -1
cuda, False
avg batch time, 0.698921327591
50%-tile latency, 0.0662442554127
99%-tile latency, 0.0711942746423
through put, 15.0956485777
data
0.748821020126
0.713366031647
0.662579059601
0.740173101425
0.74236702919
0.727680921555
0.668364048004
0.738631010056
0.741457939148
0.738426923752
0.76748585701
0.737983942032
0.738176107407
0.739317178726
0.737660884857
0.744606018066
0.74313211441
0.720070838928
0.665035009384
0.727136850357
0.725966215134
0.742057085037
0.700598955154
0.731682062149
0.728478908539
0.730582952499
0.712620019913
0.519627094269
0.519659996033
0.522125959396
0.650027036667
0.735685825348
0.717521190643
0.720587968826
0.665008068085
0.783034801483
0.780324935913
0.779566049576
0.760092973709
0.747605085373
0.751892805099
0.755274057388
0.725244998932
0.722481012344
0.717612981796
0.739387989044
0.741770029068
0.710741043091
0.735203027725
0.736442089081
0.73640704155
0.748834133148
0.709750890732
0.707790136337
0.71192908287
0.733657836914
0.72868680954
0.72898888588
0.73059797287
0.72802400589
0.78342795372
0.523358821869
0.739007949829
0.724303007126
0.589174032211
0.516808986664
0.521231889725
0.508671998978
0.695373058319
0.609117984772
0.517616987228
0.517518997192
0.516778945923
0.762269973755
0.778397083282
