batch times pre normalized by hold_sec =,1.0
wer, 94.5878016086
cer, 94.0343495871
bs, 4
hold_idx, -1
cuda, False
avg batch time, 0.465504779816
50%-tile latency, 0.125761985779
99%-tile latency, 0.139590185881
through put, 7.95152838759
data
0.562708854675
0.553822040558
0.515058040619
0.526684999466
0.526906967163
0.52773308754
0.528800010681
0.547569990158
0.427989006042
0.531310081482
0.423173904419
0.503047943115
0.50302195549
0.525135993958
0.432192087173
0.418210029602
0.532162904739
0.532894134521
0.530987024307
0.524671077728
0.46263217926
0.532938957214
0.532527923584
0.533295869827
0.528877973557
0.528782129288
0.369501113892
0.366414070129
0.366411924362
0.366485834122
0.366074800491
0.421662092209
0.526051044464
0.493870973587
0.366636037827
0.36650800705
0.366403102875
0.366453886032
0.376971960068
0.548973083496
0.556833028793
0.528444051743
0.528053998947
0.527443170547
0.531043052673
0.549814939499
0.458603143692
0.366991043091
0.366814136505
0.367090940475
0.366779088974
0.408123970032
0.529433965683
0.5549929142
0.554435968399
0.554463148117
0.553225040436
0.538530111313
0.513885974884
0.402671813965
0.366958141327
0.367287874222
0.366763114929
0.366958856583
0.452748060226
0.538352012634
0.459450960159
0.366930007935
0.367041826248
0.366519927979
0.366779088974
0.398797035217
0.528340101242
0.514106988907
0.366597890854
