batch times pre normalized by hold_sec =,1.0
wer, 94.256584537
cer, 93.8441168964
bs, 8
hold_idx, -1
cuda, False
avg batch time, 0.571350870132
50%-tile latency, 0.0731003880501
99%-tile latency, 0.086622723341
through put, 13.6798179418
data
0.666056871414
0.633389949799
0.635794878006
0.65015411377
0.646332025528
0.462461948395
0.462230920792
0.462932109833
0.529209852219
0.6565721035
0.50636100769
0.461248159409
0.452771186829
0.45386505127
0.574940919876
0.655227899551
0.65586400032
0.655545949936
0.553961992264
0.633442878723
0.637188911438
0.657685041428
0.655635118484
0.656362771988
0.640213012695
0.525619029999
0.638263940811
0.639229059219
0.642890930176
0.646666049957
0.482795000076
0.659972906113
0.659419059753
0.655071973801
0.653805017471
0.643929958344
0.645999908447
0.646944999695
0.658641815186
0.547267198563
0.461292982101
0.464745998383
0.460900068283
0.513379096985
0.656814098358
0.506000995636
0.460876941681
0.461623907089
0.461408138275
0.556019067764
0.647289991379
0.573616981506
0.461269855499
0.461599111557
0.461253166199
0.684614896774
0.700529098511
0.690330028534
0.534106016159
0.471148967743
0.619323968887
0.584803104401
0.460439920425
0.463077783585
0.45329284668
0.513247013092
0.65046787262
0.52336192131
0.462924957275
0.461155891418
0.463063001633
0.562008142471
0.653851985931
0.645004987717
0.644506931305
