batch times pre normalized by hold_sec =,1.0
wer, 81.2489379779
cer, 66.7288795304
bs, 8
hold_idx, -1
cuda, False
avg batch time, 7.1724164931
50%-tile latency, 0.89194226265
99%-tile latency, 1.08491399884
through put, 1.12114880287
data
7.73996305466
7.39586591721
7.2646920681
6.93568992615
7.84433889389
6.82244086266
6.94279980659
7.48170590401
6.74857997894
6.48612999916
7.2349729538
6.84326004982
6.61232590675
7.34359502792
7.54273486137
8.66958904266
7.4344189167
6.88474798203
6.60862779617
6.63442897797
7.11226010323
6.72803401947
6.59501290321
7.19494795799
6.80447411537
6.58315706253
7.17212295532
8.56835913658
6.96567988396
6.92533278465
7.42520594597
6.79253411293
7.55400395393
6.98925185204
7.49021291733
7.31526684761
6.71442103386
7.38758015633
8.7069849968
7.26669406891
7.67816710472
6.82543110847
6.66872596741
7.36490702629
6.94397711754
7.64215016365
7.57543301582
6.64862895012
8.23590493202
6.69308996201
7.2455201149
6.72868394852
6.63146090508
6.85031700134
7.53224802017
7.30563306808
6.97334909439
6.6603679657
7.45666408539
7.62143588066
6.98593401909
6.72152996063
7.66145086288
7.04165697098
7.66281890869
7.16645717621
6.75452899933
7.1355381012
7.44602203369
6.53344202042
7.28474593163
7.36452198029
7.62294697762
6.88600182533
6.61910104752
