batch times pre normalized by hold_sec =,1.0
wer, 108.041060736
cer, 87.5461402664
bs, 1
hold_idx, -1
cuda, False
avg batch time, 4.05724057198
50%-tile latency, 3.98608493805
99%-tile latency, 4.48416113853
through put, 0.250872727386
data
4.03098297119
4.41859292984
3.85537791252
3.90085101128
3.94796514511
4.25053906441
4.05438184738
3.96055293083
4.23755693436
3.88529109955
4.00628209114
4.44326496124
3.99959206581
3.99097800255
4.17095994949
4.37003588676
3.96036887169
4.0385890007
3.98643302917
3.96000289917
4.13287711143
3.87632703781
4.44886779785
4.1997590065
3.89396095276
3.96213912964
4.01803183556
3.8929028511
3.95828413963
3.98608493805
3.88218402863
3.89898610115
3.97689008713
3.91296982765
4.06742286682
3.90410685539
3.97498393059
4.23871898651
3.99681687355
3.97261190414
3.98572397232
3.91513180733
4.48310112953
4.47902607918
3.97964096069
3.97833585739
4.17457103729
3.87870287895
4.40857410431
3.86652994156
3.90714383125
4.01378798485
4.24467897415
4.02112293243
4.04450011253
4.23054599762
3.87588000298
4.29452800751
4.21288204193
4.32590508461
4.16114497185
3.8784570694
3.87448477745
3.94357299805
4.12285208702
3.90920805931
3.95079803467
3.88594603539
3.89883804321
3.89381313324
4.48717808723
4.16721081734
3.87142801285
4.38751912117
3.87675404549
