batch times pre normalized by hold_sec =,1.0
wer, 81.2785897579
cer, 66.7947660272
bs, 12
hold_idx, -1
cuda, False
avg batch time, 8.36115292231
50%-tile latency, 0.682666659355
99%-tile latency, 0.824480075439
through put, 1.46484376569
data
9.83067989349
8.20392918587
9.06289315224
8.37056398392
8.42507100105
9.0399980545
7.86005306244
8.07529997826
8.06318807602
8.01593184471
7.91890215874
8.04048395157
7.96456599236
8.13482308388
9.12363982201
8.21999311447
8.00436806679
8.84538793564
7.98897004128
8.5669260025
8.15789484978
8.8258960247
8.44651198387
7.96823787689
8.11714982986
8.0797419548
9.03768992424
7.95871305466
8.04630303383
8.88801503181
8.06434512138
7.90243983269
8.38413596153
8.60029506683
7.96336483955
9.0950448513
8.04257702827
8.3296661377
8.32345080376
7.96613001823
8.02574300766
8.07158899307
9.07481002808
8.27476096153
8.00101590157
8.70780801773
8.99502897263
8.71945714951
7.90209388733
10.0732991695
8.08638691902
7.87261676788
8.11704516411
8.61045694351
8.19313883781
8.03363990784
7.94858312607
8.45038104057
7.91575217247
7.94075083733
8.45563912392
7.83951401711
8.27824878693
8.32142686844
8.03744506836
9.01643610001
8.19199991226
8.50320291519
8.04536700249
7.99698591232
8.03357291222
9.03795003891
8.268253088
9.25325894356
8.83953905106
