batch times pre normalized by hold_sec =,1.0
wer, 81.2634698276
cer, 66.9640603705
bs, 10
hold_idx, -1
cuda, False
avg batch time, 8.02107040723
50%-tile latency, 0.781431698799
99%-tile latency, 0.950655254364
through put, 1.27970237391
data
8.29329800606
7.7937579155
7.42925786972
7.83180618286
7.73302698135
7.81431698799
8.18190789223
7.47519016266
7.60657000542
8.78358006477
8.05682611465
7.78925299644
9.42181301117
7.51226401329
7.73213291168
8.47966885567
7.66977500916
7.70831084251
8.1635620594
8.18244981766
7.55876898766
8.15442705154
8.69889688492
8.31134486198
7.73154807091
8.69953989983
7.87358808517
8.15516805649
8.38424110413
7.47761392593
7.93729090691
7.72718596458
8.67162108421
7.71403408051
8.36907100677
9.54188895226
9.49413704872
7.68420815468
8.03853106499
7.67037582397
7.67857408524
7.90302705765
7.48369312286
7.51429390907
8.28756284714
8.6343870163
9.24520206451
7.74493694305
7.63845586777
8.02041292191
7.46672606468
7.44738292694
7.73959302902
8.63997483253
7.59159803391
8.03051114082
7.77153205872
7.6925880909
8.38722300529
8.01743984222
7.96938991547
7.52104687691
7.31167507172
8.19327402115
7.73977613449
7.29399204254
7.50119590759
9.01119995117
8.62015891075
8.9072830677
8.64196109772
7.49539685249
7.60836601257
7.6753950119
7.60280609131
