batch times pre normalized by hold_sec =,1.0
wer, 81.5745772947
cer, 67.0626885116
bs, 9
hold_idx, -1
cuda, False
avg batch time, 7.49102166176
50%-tile latency, 0.830803102917
99%-tile latency, 0.970796263483
through put, 1.20365462826
data
8.32683682442
7.8183619976
7.86494708061
7.47722792625
6.78544092178
7.90459680557
7.85126280785
7.25139284134
7.01213693619
8.04840302467
7.70725989342
7.95573401451
7.41775393486
6.91287302971
8.22756314278
6.89193201065
7.07348799706
7.04039311409
7.71212506294
7.91178894043
7.4139111042
8.07752513885
7.10577893257
8.05693984032
7.92166614532
7.81884884834
6.94549393654
7.94800400734
7.45654296875
7.89493203163
7.51731610298
6.9092798233
8.23505592346
6.91962504387
7.54807782173
6.95027112961
7.13403892517
7.24890398979
6.81964707375
8.13742804527
7.67772293091
7.03182983398
7.70364093781
6.95592188835
6.91866803169
7.08410596848
6.94435501099
7.59879183769
7.01480197906
7.68230199814
7.92702007294
7.7203810215
6.79378390312
7.27516794205
7.08247494698
7.7951028347
7.09785819054
7.80193209648
7.01400089264
7.96114420891
8.66277599335
7.01681494713
7.86605191231
8.9488928318
6.94767999649
8.32398796082
6.81443500519
7.57577395439
6.97513794899
7.94045209885
6.88195705414
7.26484513283
7.79459309578
7.36581897736
7.11559605598
