batch times pre normalized by hold_sec =,1.0
wer, 84.5174262735
cer, 70.1466294075
bs, 4
hold_idx, -1
cuda, False
avg batch time, 5.94049950918
50%-tile latency, 1.48049122095
99%-tile latency, 1.72144502521
through put, 0.675451489241
data
6.00716519356
5.92243695259
5.80272316933
5.71203184128
5.56978392601
6.08889603615
6.75142097473
5.66245293617
5.56025409698
6.64543104172
5.613697052
6.1226170063
6.03845405579
6.09313201904
6.08453917503
6.13321590424
5.81350398064
6.08711099625
5.51778888702
6.93984293938
5.50411295891
5.40777897835
5.49057006836
6.06744003296
6.0838329792
5.36910104752
5.57091903687
5.73177981377
6.51434111595
6.07521605492
6.11075210571
5.599421978
6.34800505638
5.63686990738
5.78923201561
5.84021711349
5.91462492943
5.92049002647
5.9219648838
6.05728697777
5.54952716827
6.27860188484
6.77823710442
5.77956604958
5.73413205147
6.07894992828
5.5158059597
6.14541196823
6.6379699707
5.63539886475
6.16006588936
5.51991796494
6.08425092697
5.98961305618
6.11350607872
5.98620986938
6.31483411789
6.08616495132
5.51433396339
5.72102093697
5.20131802559
5.56309199333
5.67100191116
5.66086006165
6.37715697289
6.86678504944
6.17264294624
5.5427069664
5.63619995117
5.69130587578
5.64710211754
6.20881819725
6.17818808556
5.51654005051
6.85977101326
