batch times pre normalized by hold_sec =,1.0
wer, 83.3108472747
cer, 69.1470513794
bs, 5
hold_idx, -1
cuda, False
avg batch time, 6.08969839732
50%-tile latency, 1.19477901459
99%-tile latency, 1.37057618237
through put, 0.836974861285
data
7.10130405426
5.91278100014
5.99301099777
6.57134604454
5.61370491982
5.70380401611
6.07651114464
5.91143679619
5.90401005745
5.77009510994
6.67666006088
6.15994715691
6.60880303383
6.29655194283
6.64866113663
6.06636500359
5.9285068512
5.77223300934
6.07179093361
6.01722216606
5.84664320946
6.62334799767
6.00419998169
6.04352283478
5.94009399414
5.65728282928
5.85799384117
5.92226696014
5.93014216423
5.92143201828
5.94864606857
5.90406107903
5.90668988228
5.88563299179
6.32263612747
5.92544317245
6.25773620605
6.15648794174
6.03324389458
5.95493888855
5.97389507294
6.25211787224
6.61590409279
6.34131503105
6.61349916458
6.08142614365
6.42284989357
5.84586310387
6.35345005989
6.43275284767
6.19971203804
5.91369605064
5.92952299118
6.37526392937
5.91889595985
5.96723985672
5.91163682938
6.23253917694
6.76559710503
5.88783597946
5.93459510803
5.89266300201
5.94016194344
5.89336800575
5.82309293747
6.13383698463
5.87419104576
5.84000897408
6.32913208008
5.98125505447
6.19335889816
5.87785196304
5.92052602768
6.05970406532
6.15143299103
