batch times pre normalized by hold_sec =,1.0
wer, 90.2626811594
cer, 75.1964768688
bs, 9
hold_idx, -1
cuda, False
avg batch time, 8.23290269534
50%-tile latency, 0.890791124768
99%-tile latency, 1.08755869812
through put, 1.12259762384
data
8.40970110893
7.84996294975
8.84012985229
9.79118514061
7.82618093491
8.01712012291
7.78170180321
8.64157605171
7.85760402679
7.80658602715
8.67263412476
7.69135189056
8.87842607498
8.5016169548
7.77269697189
7.79246997833
7.72809100151
8.70427393913
8.12338209152
8.81527805328
7.78262495995
8.08737015724
7.74742603302
7.78899908066
8.0569870472
7.70459008217
8.80544281006
8.92266392708
7.85869693756
7.76377606392
8.57092118263
9.35019493103
7.68158793449
7.89658093452
8.89623117447
8.43056607246
7.79664707184
7.73134803772
8.11160302162
8.51295995712
8.73181009293
7.92460608482
7.94228601456
8.91649794579
8.61251306534
8.70553088188
7.71942901611
7.78519296646
8.87104010582
7.79601812363
8.76547002792
7.92225408554
7.86920905113
8.14204382896
8.56071591377
7.8589630127
7.9758810997
7.77126598358
7.57721495628
7.76646518707
8.36463212967
7.84828996658
8.05268216133
8.30201196671
9.78691911697
7.91175293922
8.64759302139
8.56666302681
8.7787759304
8.57813692093
8.90253591537
7.76211309433
7.86427092552
7.94042110443
7.94730997086
