batch times pre normalized by hold_sec =,1.0
wer, 89.7561961207
cer, 74.8763313311
bs, 10
hold_idx, -1
cuda, False
avg batch time, 8.4885786438
50%-tile latency, 0.832177090645
99%-tile latency, 0.957565983772
through put, 1.20166730284
data
8.66891598701
8.76180696487
8.74808001518
8.53592991829
8.20338797569
8.94938993454
8.28008794785
9.19316315651
8.5255920887
7.98014307022
8.48652100563
8.61278605461
8.06668019295
8.60347914696
8.30640888214
9.28787708282
8.27395105362
8.28538894653
8.52223801613
8.10632109642
8.20565009117
8.97665405273
9.14013409615
9.04484796524
8.14013600349
8.20228099823
10.0425081253
8.11082696915
8.32902097702
8.26585102081
8.14543509483
8.25987195969
8.2332379818
8.33139491081
8.59897303581
9.27651405334
8.49879789352
8.58689689636
8.4248020649
8.3771739006
8.27704501152
8.12376999855
8.96830511093
8.42362594604
7.98045802116
8.27811813354
8.22996997833
8.29286503792
8.23703598976
8.77394795418
8.15450310707
9.30084180832
8.21159791946
8.09089303017
8.13679504395
8.03566789627
9.07067704201
8.23946619034
8.13517689705
8.30611801147
8.72013902664
8.10237288475
8.19271707535
8.15476298332
8.58293294907
8.32177090645
8.65409302711
8.3497569561
8.87636899948
9.16307377815
8.8028190136
8.0945379734
8.09968996048
9.411632061
8.2606959343
