batch times pre normalized by hold_sec =,1.0
wer, 90.0934579439
cer, 74.9968095967
bs, 8
hold_idx, -1
cuda, False
avg batch time, 7.97621303558
50%-tile latency, 0.977017492056
99%-tile latency, 1.19553945541
through put, 1.02352312843
data
7.94420194626
8.21960687637
7.54646706581
7.46711397171
8.35956096649
8.24204707146
8.54902100563
7.7664308548
7.62257099152
9.35801696777
9.55821990967
7.81613993645
7.77880597115
7.83193302155
7.47136092186
7.95019698143
7.64600396156
7.9059381485
7.91359400749
7.52251195908
7.66253089905
7.48968791962
8.16005706787
8.51871204376
8.11312508583
8.41643691063
7.43475985527
7.62455701828
7.42210102081
7.81531596184
7.53354001045
8.59846901894
7.57856297493
7.55085611343
8.33893609047
8.97733283043
7.916492939
7.60915899277
9.16195607185
7.5082719326
8.05164194107
7.89235901833
7.73117494583
8.13396215439
7.85423707962
7.7533788681
7.45498800278
7.58999204636
7.5162730217
7.72725605965
7.88336205482
7.51995396614
8.32122921944
8.63620185852
8.12728095055
7.48435211182
9.53809499741
7.52645897865
8.34052109718
7.25266098976
8.70860004425
7.87910795212
8.19782996178
9.58166503906
7.57307100296
8.29168701172
7.5306520462
7.52464413643
7.47523617744
7.64517498016
7.5893778801
7.42509293556
7.64929986
8.79857492447
8.10998106003
