batch times pre normalized by hold_sec =,1.0
wer, 92.4430294906
cer, 77.3776256711
bs, 4
hold_idx, -1
cuda, False
avg batch time, 6.38988168081
50%-tile latency, 1.55564904213
99%-tile latency, 1.88278095126
through put, 0.642818510421
data
6.46791577339
6.64607381821
5.93255400658
7.05570888519
6.69540405273
6.90166687965
6.09448003769
6.8165268898
6.948772192
6.83579587936
6.25135803223
6.15903782845
6.85355114937
6.31399106979
6.85349321365
6.42920303345
6.16611599922
6.18264293671
6.22259616852
6.85222411156
5.92175602913
5.90411710739
5.84339189529
6.89844608307
6.73442101479
6.17674612999
6.16012406349
6.32031297684
6.742208004
6.73117899895
7.4565050602
6.25295805931
6.14599490166
6.67462491989
5.91742897034
5.96025395393
6.82174110413
6.43271112442
6.21998000145
6.20325994492
6.15630316734
6.91496014595
6.08941793442
6.06820702553
6.02818703651
6.01510310173
6.88039708138
6.83292102814
6.40812397003
6.65206003189
6.09875702858
6.86220097542
6.80906605721
6.14050006866
6.43741798401
6.16210603714
6.16855502129
6.15567803383
6.15317583084
6.75971984863
7.7435002327
6.35689496994
6.16443610191
6.12154507637
6.75356793404
5.96269178391
5.97180509567
5.86980509758
6.0363380909
6.60109305382
5.88896393776
5.84523010254
5.98674201965
6.12799286842
5.82038998604
