batch times pre normalized by hold_sec =,1.0
wer, 91.2361084032
cer, 75.9294426996
bs, 7
hold_idx, -1
cuda, False
avg batch time, 7.52576660474
50%-tile latency, 1.07670957702
99%-tile latency, 1.20296407631
through put, 0.92875555428
data
7.63041496277
7.68127393723
8.21088790894
7.90329313278
8.47845005989
7.99035620689
7.06514692307
7.72283506393
7.1009747982
7.61906218529
8.0615439415
8.04791903496
7.61800312996
7.06187701225
7.70410299301
7.116355896
7.72959899902
8.01763296127
7.91504883766
7.069231987
8.22531819344
7.65289282799
7.11240386963
7.08938694
7.43995308876
7.11367988586
7.97016596794
7.94300079346
7.05213999748
8.07758188248
8.00025200844
7.29961395264
7.02999401093
7.55374503136
7.0763130188
7.53696703911
7.07764291763
7.98137712479
7.13470816612
7.6762368679
8.03315091133
7.05350804329
7.01537394524
7.55226182938
7.10006189346
7.15052700043
7.26314091682
6.95068001747
8.10385107994
8.40047502518
7.86886501312
7.04887700081
7.37104296684
7.34094500542
6.99257802963
8.3251850605
7.07283997536
7.70987296104
7.04506802559
8.25061511993
7.725908041
8.01657795906
7.40639519691
7.93736100197
7.24046111107
6.99115681648
7.46773910522
7.03326892853
7.81678390503
6.93809986115
7.61922097206
7.09184193611
7.34496498108
7.31844997406
7.04796218872
