batch times pre normalized by hold_sec =,1.0
wer, 98.6902654867
cer, 82.0215846275
bs, 2
hold_idx, -1
cuda, False
avg batch time, 5.92995280902
50%-tile latency, 2.93862354755
99%-tile latency, 3.59280833483
through put, 0.340295374286
data
5.90392184258
6.09916496277
5.67598199844
6.18954896927
5.73794293404
5.67176795006
6.32645988464
5.69566082954
6.10717010498
6.06118702888
6.01581001282
5.74645709991
5.97940587997
6.07554388046
6.17272782326
6.21842622757
5.74519515038
6.92832303047
5.91824197769
5.97487616539
5.64768981934
6.79853200912
5.61230111122
6.06792998314
7.21928811073
6.13680291176
5.95796608925
6.30636000633
5.51292896271
5.65586495399
5.61363196373
5.48436403275
6.09200000763
5.58226704597
6.1797940731
5.92078495026
5.2915661335
5.57436418533
6.3826789856
5.64697504044
5.82482218742
5.86087107658
5.96782493591
5.51900601387
5.43843197823
6.14604377747
5.45276498795
6.01657795906
5.56875896454
5.7607190609
5.87724709511
5.74696397781
6.64365410805
6.07274603844
5.74331712723
6.27801990509
6.02313184738
5.65630102158
5.89425802231
6.33063387871
5.90166592598
5.64528393745
6.7878370285
5.63120222092
5.54246616364
5.34180498123
5.52687191963
5.61754608154
5.61134505272
5.43523097038
7.17378616333
6.51754808426
5.72942495346
5.85509991646
5.67934918404
