batch times pre normalized by hold_sec =,1.0
wer, 120.273738238
cer, 100.112341518
bs, 1
hold_idx, -1
cuda, False
avg batch time, 4.45556536039
50%-tile latency, 4.4267308712
99%-tile latency, 4.96214717865
through put, 0.225900337991
data
4.87622404099
4.51187300682
4.35231900215
4.28824210167
4.41218304634
4.30093502998
4.43903303146
4.65871214867
4.39803814888
4.3226890564
4.26729607582
4.41330504417
4.3095638752
4.47649097443
4.56730508804
4.40672183037
4.67606115341
4.49400782585
4.42754220963
4.33067679405
4.38654589653
4.52467513084
4.43931698799
4.53888893127
4.48838400841
4.55991387367
4.45520997047
4.3609161377
4.37307810783
4.35907816887
4.49622797966
4.404088974
4.30500888824
4.42732906342
4.52017021179
4.3978331089
4.33885622025
4.29226493835
4.44541883469
4.5508620739
4.47618508339
4.59673905373
4.49408888817
4.46459102631
4.42631697655
4.37429213524
4.28062486649
4.34040379524
4.30234479904
4.40634083748
4.67015194893
4.37808799744
4.4267308712
4.74919009209
4.34199690819
4.32328891754
4.45876312256
4.57271194458
4.44731903076
4.96182012558
4.87410402298
4.28076791763
4.49710702896
4.963078022
4.37963604927
4.274518013
4.41734290123
4.34091901779
4.38108992577
4.3488240242
4.50982093811
4.44887495041
4.28482079506
4.46061897278
4.62060403824
