batch times pre normalized by hold_sec =,1.0
wer, 107.221238938
cer, 89.6551724138
bs, 2
hold_idx, -1
cuda, False
avg batch time, 6.32601192474
50%-tile latency, 3.06993401051
99%-tile latency, 3.78852588654
through put, 0.325739900785
data
7.63668608665
6.23130512238
6.3599050045
6.82647204399
5.90972304344
7.55609917641
6.37994909286
6.21779704094
6.17474579811
6.82265090942
5.8774600029
5.95990395546
5.92883396149
5.96158313751
6.01505708694
6.0485470295
6.0070400238
6.01254701614
5.96402692795
6.83056783676
6.7436568737
6.29753804207
6.12610602379
6.6907479763
6.11011195183
6.07518005371
6.08242583275
6.47199892998
6.71210098267
5.94395303726
6.01458215714
5.99642491341
6.00767922401
6.03866386414
6.63901305199
6.84286093712
7.23056101799
6.10885500908
6.06522107124
6.07492017746
6.80894804001
6.7594871521
7.48668313026
6.12677001953
6.23448514938
6.12120103836
6.839854002
5.80068397522
5.92280292511
5.81743407249
6.79387712479
6.08450698853
6.84906601906
6.11618900299
6.0544230938
6.13946914673
6.14147186279
6.11796188354
6.10469889641
6.14344906807
6.12149500847
6.12270593643
6.15169501305
7.07684493065
6.08817005157
6.06433677673
6.47251105309
6.73984479904
6.18155503273
6.66301512718
6.49717783928
6.27501392365
6.23394083977
6.13986802101
6.16575598717
