batch times pre normalized by hold_sec =,1.0
wer, 99.5327102804
cer, 83.813489025
bs, 8
hold_idx, -1
cuda, False
avg batch time, 8.79496420542
50%-tile latency, 1.07684364915
99%-tile latency, 1.27733537912
through put, 0.928639919816
data
10.2206611633
8.65800404549
8.72927594185
9.11740803719
8.08881402016
8.62146687508
9.51084804535
8.44675087929
8.54106593132
8.6986849308
8.76923203468
8.26256108284
9.1316921711
8.40213799477
8.48758411407
8.5533041954
9.83586120605
9.68275594711
8.52132987976
8.41235089302
8.51175189018
9.20768404007
8.44233202934
8.1422150135
8.82102298737
8.61474919319
8.68398284912
8.1556699276
8.31221485138
9.23251700401
8.38023495674
8.51592803001
8.53358006477
9.33413505554
9.21261191368
8.40836000443
9.45267987251
9.38542079926
8.37846207619
8.72361087799
8.37261104584
8.71729397774
8.61776208878
8.52291798592
10.2179880142
8.38416695595
8.57827401161
8.68003797531
8.1383330822
8.90900206566
8.44402599335
8.4709239006
8.52607107162
8.49232792854
8.5457649231
8.69062805176
9.52417588234
9.79756212234
9.24230217934
8.28870201111
9.50330591202
9.5433049202
8.30536007881
8.43920016289
9.33610105515
9.23122811317
9.21451187134
9.3990650177
8.87728118896
8.45424604416
8.54392790794
9.46283507347
8.39768099785
8.36232495308
8.2501180172
