batch times pre normalized by hold_sec =,1.0
wer, 100.448430493
cer, 84.5610254912
bs, 7
hold_idx, -1
cuda, False
avg batch time, 8.19271593094
50%-tile latency, 1.14158514568
99%-tile latency, 1.33336471421
through put, 0.875974957966
data
9.26317596436
8.13559317589
7.74285817146
8.27567911148
7.8034389019
7.68877792358
8.25398802757
7.82696914673
7.83016395569
8.15735387802
7.90888404846
7.89259004593
8.28860378265
8.10815095901
8.00319194794
7.9814081192
8.46907711029
7.84419798851
7.91240787506
8.19812822342
7.84264206886
7.74801898003
8.16509103775
7.84174990654
8.63143396378
7.87290000916
8.97685790062
7.99109601974
9.16914510727
7.83391213417
7.76864004135
8.24258804321
8.44004011154
8.47905993462
7.8111410141
8.16665196419
7.7856760025
7.76438093185
8.71697688103
8.78773784637
7.77096891403
8.77784395218
7.73011779785
8.84878015518
8.04188203812
7.95116019249
7.82637500763
8.09160900116
8.88309907913
8.9589650631
7.96674394608
7.86425685883
8.44515395164
7.60969805717
8.56837487221
7.9170229435
8.083974123
9.11996507645
9.22888803482
9.07232904434
7.807762146
8.00848197937
7.90707182884
7.94250702858
7.84678196907
9.53385686874
7.85296797752
8.3027818203
7.79630494118
7.73753905296
8.40980291367
7.985435009
9.03664112091
7.94156694412
7.96660685539
