batch times pre normalized by hold_sec =,1.0
wer, 100.77077748
cer, 85.0167980156
bs, 4
hold_idx, -1
cuda, False
avg batch time, 7.12169534683
50%-tile latency, 1.75714528561
99%-tile latency, 2.07877314806
through put, 0.569104904524
data
7.95333409309
7.9616651535
6.44432997704
6.62027096748
6.74052214622
7.02748703957
7.50992298126
7.82456707954
6.58417510986
6.72790908813
7.19273614883
6.71331501007
6.65257692337
7.35114192963
7.60948300362
7.22664499283
7.60291099548
6.55760788918
7.3031411171
6.697026968
7.72922205925
7.74777197838
6.53718590736
7.44520115852
6.74630308151
6.58178496361
7.26052093506
7.38539910316
7.45434498787
6.73533201218
8.40263915062
7.5929350853
6.6056060791
7.27279305458
6.69866895676
6.58486890793
7.40585184097
6.78124904633
6.67357301712
6.62762713432
6.9291779995
6.73714804649
7.36421298981
7.73578286171
7.61071205139
7.15186882019
6.69258403778
6.58048295975
7.74019408226
6.61368012428
7.45060396194
6.88888716698
6.81574678421
7.61613702774
7.02858114243
6.79191994667
6.5951230526
7.31091094017
6.89770388603
7.45816802979
6.81247401237
7.66978287697
7.13380599022
7.19456386566
6.59398603439
6.79894900322
7.71729898453
7.55458307266
6.98371195793
8.28433299065
6.55174303055
6.72377204895
7.28953313828
7.61851000786
6.62083101273
