batch times pre normalized by hold_sec =,1.0
wer, 101.845312678
cer, 85.835482702
bs, 6
hold_idx, -1
cuda, False
avg batch time, 7.85475908915
50%-tile latency, 1.30095267296
99%-tile latency, 1.51153577566
through put, 0.768667470221
data
8.98595404625
8.35432815552
8.34730887413
7.29286503792
7.68753290176
7.96896314621
8.2929828167
7.46915793419
7.55224204063
7.4613609314
8.187759161
8.30481100082
7.61575198174
8.11870789528
8.40187001228
7.6256108284
8.02532100677
7.48565101624
7.80571603775
8.13871312141
7.3430249691
7.45642590523
8.19117999077
7.77075386047
8.18975687027
7.3225979805
8.01635313034
7.54473805428
8.66821908951
8.56707811356
8.19983005524
8.27969288826
7.35661315918
8.08031702042
7.43235707283
8.41271209717
7.75129294395
7.33929800987
7.96611785889
7.39651489258
7.98349499702
8.38611698151
7.8748831749
7.67348909378
7.51927614212
8.14185500145
7.88375496864
8.00128793716
7.51606297493
8.66158294678
7.29474306107
7.67695403099
7.66493010521
7.52884292603
7.97204399109
8.41094899178
7.30367398262
7.95245599747
7.49652409554
7.35292005539
7.39732599258
8.00351309776
7.29727506638
7.81384897232
8.19659686089
7.29024505615
7.92006087303
9.30618715286
7.27297782898
7.76862120628
7.35559916496
7.65581393242
7.46995902061
7.58243918419
8.07314491272
