batch times pre normalized by hold_sec =,1.0
wer, 133.276304534
cer, 111.860054566
bs, 1
hold_idx, -1
cuda, False
avg batch time, 4.9172215875
50%-tile latency, 4.88994693756
99%-tile latency, 5.42486074448
through put, 0.204501196591
data
4.88011193275
4.77092409134
5.3637919426
5.15730595589
4.78286290169
4.98796987534
4.85743713379
4.65281200409
4.83934092522
4.68161988258
4.76991391182
4.93134999275
4.92790818214
4.88994693756
4.96366000175
5.1610250473
4.92205405235
5.00516796112
4.75960993767
4.66517281532
5.21255803108
5.26191687584
4.70387411118
4.81876897812
4.67607498169
4.89523816109
4.93529009819
4.93265390396
4.88346815109
4.84526991844
4.74491095543
5.13763403893
4.68407297134
4.78934216499
5.01911520958
4.82357907295
4.67547297478
5.17420291901
4.75516009331
5.42420291901
4.80958604813
4.77016615868
4.96078205109
4.96273803711
4.85341310501
5.21182990074
4.67205905914
4.7229809761
5.2097158432
4.95713591576
4.78723502159
4.87204194069
4.71071314812
4.93319511414
5.12550091743
5.37047410011
4.96383595467
4.97828578949
4.801415205
4.69502401352
4.75068807602
4.74500393867
5.08335089684
4.92200088501
5.42673301697
4.89892482758
4.9172039032
4.9774620533
4.80693912506
4.77192306519
5.14909601212
4.92490410805
4.66350984573
5.22644686699
4.79651212692
