batch times pre normalized by hold_sec =,1.0
wer, 100.917431193
cer, 85.3049860795
bs, 5
hold_idx, -1
cuda, False
avg batch time, 7.36196770668
50%-tile latency, 1.45539159775
99%-tile latency, 1.68024746895
through put, 0.687100297643
data
7.9177210331
7.13445305824
7.03285193443
7.02224588394
6.81272411346
7.63991904259
7.03534698486
6.9927251339
7.32289886475
7.99784803391
7.41875886917
6.8646709919
8.45349407196
7.06364202499
7.27928209305
6.99246811867
7.11372804642
7.84522104263
7.37728977203
7.81096100807
7.59830880165
6.98348903656
7.32945895195
6.98686408997
6.81131601334
7.4655110836
6.997205019
6.88431501389
7.56986999512
7.07616996765
7.39233207703
8.03282999992
7.33270001411
7.08718299866
6.95573997498
7.4070379734
7.02127289772
8.20386910439
6.91559696198
7.3397591114
7.06957101822
7.4636888504
7.03293418884
6.78711915016
7.71650791168
7.92740607262
7.27695798874
7.02227902412
8.25932908058
6.99812507629
8.17558503151
7.09566497803
7.51234078407
6.96429395676
7.64679598808
6.97369098663
7.70552611351
7.69655394554
7.5486330986
6.94833183289
6.99514985085
7.33813691139
7.01686811447
7.39511299133
8.38287687302
8.00690078735
7.95114803314
7.94821000099
7.21713805199
6.99027681351
8.36951899529
7.08849215508
7.08460092545
7.00164699554
7.02108621597
