batch times pre normalized by hold_sec =,1.0
wer, 81.8531741604
cer, 78.719493729
bs, 12
hold_idx, -1
cuda, False
avg batch time, 1.53395644506
50%-tile latency, 0.129770497481
99%-tile latency, 0.153051151037
through put, 7.70591173966
data
1.87665295601
1.4978249073
1.81487011909
1.36945199966
1.37101197243
1.42782092094
1.27107095718
1.52311205864
1.2606241703
1.79953479767
1.82254600525
1.76014113426
1.76133513451
1.25209498405
1.670992136
1.76045703888
1.79528999329
1.78494119644
1.35148596764
1.35928106308
1.45571208
1.2617020607
1.53204679489
1.25722908974
1.63669991493
1.25230288506
1.5776078701
1.27045893669
1.69574809074
1.26125001907
1.66890406609
1.26121783257
1.6634850502
1.26894402504
1.5762898922
1.25675797462
1.6402361393
1.26107001305
1.63455414772
1.47196817398
1.67105197906
1.26093196869
1.66775584221
1.8153719902
1.5346288681
1.80836796761
1.39038491249
1.77877283096
1.55724596977
1.6026301384
1.77233099937
1.70299720764
1.25015997887
1.68746805191
1.76316690445
1.75202894211
1.27139091492
1.52134299278
1.80880904198
1.35032105446
1.7542848587
1.3049030304
1.39290714264
1.42418503761
1.2699611187
1.48134708405
1.25071001053
1.55915093422
1.25010108948
1.65338087082
1.25115799904
1.73913121223
1.75460100174
1.75503206253
1.80399680138
