batch times pre normalized by hold_sec =,1.0
wer, 81.7759579539
cer, 78.6231220227
bs, 11
hold_idx, -1
cuda, False
avg batch time, 1.52995468775
50%-tile latency, 0.145503174175
99%-tile latency, 0.166562194391
through put, 6.87270230131
data
1.72774386406
1.22489190102
1.62058877945
1.23004603386
1.64675402641
1.22827601433
1.61200404167
1.75007796288
1.53636598587
1.20698904991
1.60424113274
1.19893479347
1.6062309742
1.74953889847
1.57068610191
1.22368788719
1.68948483467
1.71832299232
1.46763205528
1.20670986176
1.51775193214
1.20233988762
1.66880607605
1.70695996284
1.53735494614
1.22003602982
1.53201198578
1.40711402893
1.5699698925
1.6248319149
1.48547196388
1.21113085747
1.58627009392
1.21007990837
1.61732697487
1.67660284042
1.56347584724
1.20714402199
1.604418993
1.19969701767
1.56092596054
1.70711183548
1.60053491592
1.20363616943
1.56974506378
1.52324199677
1.60732889175
1.20031189919
1.58041715622
1.72452306747
1.71029996872
1.67951416969
1.71440005302
1.70174217224
1.69497489929
1.72753810883
1.63794898987
1.72932386398
1.69053792953
1.42271089554
1.19996404648
1.48620676994
1.20271110535
1.60421490669
1.19922494888
1.56740307808
1.73203015327
1.60130596161
1.83936500549
1.82966113091
1.81296396255
1.70060992241
1.61232113838
1.70283389091
1.50101518631
