batch times pre normalized by hold_sec =,1.0
wer, 81.3338997451
cer, 78.2414497192
bs, 8
hold_idx, -1
cuda, False
avg batch time, 1.28052488963
50%-tile latency, 0.156450361013
99%-tile latency, 0.205496199727
through put, 6.39180372306
data
1.71640300751
1.56497716904
1.53529119492
1.2409260273
1.07529711723
1.46467900276
1.06906199455
1.25160288811
1.18630099297
1.06739902496
1.44159698486
1.07076191902
1.30544805527
1.14226412773
1.07092881203
1.44823884964
1.4905731678
1.3501098156
1.06796002388
1.25605607033
1.18037605286
1.06833410263
1.41926598549
1.07137393951
1.28979110718
1.16652107239
1.07073497772
1.46762800217
1.42361617088
1.43117594719
1.0713019371
1.1943218708
1.22615218163
1.07121896744
1.4769051075
1.52078914642
1.45996713638
1.0675740242
1.2741818428
1.15190291405
1.51749897003
1.25120401382
1.52572393417
1.34004306793
1.06645298004
1.39422106743
1.43453598022
1.29432916641
1.14681315422
1.48663902283
1.2461130619
1.07191705704
1.4709789753
1.53467202187
1.49652504921
1.0681540966
1.23884296417
1.19793200493
1.06672096252
1.44162392616
1.0686070919
1.25734496117
1.16858196259
1.06950092316
1.46791410446
1.07024478912
1.303855896
1.14966893196
1.06872987747
1.39822006226
1.06905984879
1.31269598007
1.61852002144
1.56978917122
1.23668289185
