batch times pre normalized by hold_sec =,1.0
wer, 81.0973451327
cer, 77.5006580679
bs, 2
hold_idx, -1
cuda, False
avg batch time, 0.953572174708
50%-tile latency, 0.469174981117
99%-tile latency, 0.588984367847
through put, 2.131400949
data
1.20781588554
1.1168320179
0.781582832336
0.781430959702
1.08697795868
1.06114888191
0.78144288063
1.0235350132
0.923640012741
0.781152963638
0.858564853668
1.07773017883
0.781002998352
0.780919075012
1.09350299835
0.816273927689
0.781148910522
0.903166055679
1.02446889877
0.781533956528
0.781138896942
1.13934493065
1.01983499527
1.16748189926
1.08435702324
0.783584833145
0.782778024673
1.10391402245
0.894824981689
0.781867027283
0.957629919052
0.940412998199
0.781251907349
0.781297922134
1.10346508026
1.15436005592
1.15320396423
1.02319288254
0.783955097198
0.784025907516
1.1454398632
0.784174919128
0.784234046936
1.02242708206
0.908262968063
0.784311056137
0.84906411171
1.08193802834
0.784554958344
0.784139871597
1.08747220039
0.854645013809
0.783925056458
0.938349962234
0.99182510376
1.15404605865
1.15370988846
0.892225980759
1.15342092514
1.15597581863
0.822905063629
1.15782999992
1.14778494835
1.12044596672
1.12650513649
1.02568006516
1.15651106834
1.15888500214
0.925090074539
0.780946016312
0.817384004593
1.09954285622
0.781370162964
0.780889034271
1.07620716095
