batch times pre normalized by hold_sec =,1.0
wer, 70.9192390933
cer, 65.3464924435
bs, 6
hold_idx, -1
cuda, False
avg batch time, 1.8393497022
50%-tile latency, 0.297991832097
99%-tile latency, 0.383319948514
through put, 3.35579667725
data
1.97999191284
1.53591179848
2.2207698822
2.12461590767
1.98908400536
1.71301198006
1.7207570076
1.59732413292
1.88954806328
2.21276092529
2.193338871
1.92881989479
1.51503801346
2.18611693382
2.1176109314
1.51472210884
1.81223487854
1.53912591934
2.29476308823
2.05020689964
2.09319114685
2.09994196892
1.89717721939
1.55270195007
1.77257704735
1.73864388466
1.60056304932
1.97005081177
2.31459617615
1.65165901184
1.88273596764
1.99858498573
1.83020806313
2.17952799797
2.19699692726
1.704859972
1.75081896782
1.56610298157
1.88183689117
2.08279013634
1.70803594589
2.15467715263
1.59191894531
1.86469292641
1.54804515839
1.75297689438
2.18704390526
1.50636792183
2.10335612297
1.58756399155
1.71591687202
1.71161293983
1.57028794289
1.90619707108
2.18350195885
1.73353886604
2.17577791214
1.50852584839
1.90711808205
1.55696606636
1.72835898399
1.69810605049
1.58933711052
1.86720204353
1.63629102707
1.87105989456
1.51902985573
1.78795099258
1.69381785393
1.61757087708
1.87455892563
2.18065905571
1.70233798027
1.74036097527
1.56914520264
