batch times pre normalized by hold_sec =,1.0
wer, 71.0796460177
cer, 65.0631745196
bs, 2
hold_idx, -1
cuda, False
avg batch time, 1.52805833181
50%-tile latency, 0.778604030609
99%-tile latency, 0.943472495079
through put, 1.28434988863
data
1.88646507263
1.86619091034
1.67767000198
1.82089781761
1.44902300835
1.82730197906
1.35101819038
1.32310819626
1.46915411949
1.22227597237
1.78625106812
1.81107616425
1.42955780029
1.23604607582
1.76916480064
1.23063802719
1.53037285805
1.22409486771
1.62727284431
1.88134407997
1.48985409737
1.80528497696
1.58854293823
1.75068902969
1.83158397675
1.68989014626
1.81120491028
1.50018000603
1.81960296631
1.39147114754
1.26315402985
1.51810908318
1.22787094116
1.63574504852
1.22622680664
1.59888291359
1.22668504715
1.54605102539
1.26134395599
1.83668899536
1.61612796783
1.64220905304
1.22649002075
1.44895887375
1.31232309341
1.39068508148
1.44123411179
1.26053500175
1.53663182259
1.22538089752
1.62221479416
1.6373231411
1.53139090538
1.22488594055
1.620470047
1.22515392303
1.62814998627
1.30293512344
1.55720806122
1.6795129776
1.61950588226
1.22416400909
1.5760140419
1.88831090927
1.6565310955
1.22405910492
1.74292898178
1.43110108376
1.63713288307
1.2240960598
1.62696504593
1.22696590424
1.57459902763
1.77100300789
1.61319112778
