batch times pre normalized by hold_sec =,1.0
wer, 70.6341911765
cer, 65.2201795639
bs, 3
hold_idx, -1
cuda, False
avg batch time, 1.49944868724
50%-tile latency, 0.512811342875
99%-tile latency, 0.632311636607
through put, 1.95003486934
data
1.89484786987
1.57709693909
1.29908204079
1.62834310532
1.30162501335
1.62858581543
1.3015871048
1.67562699318
1.30405783653
1.64998483658
1.29603385925
1.69035196304
1.90287494659
1.564027071
1.31189894676
1.53843402863
1.2974178791
1.67094087601
1.30267620087
1.6561729908
1.30237007141
1.67812395096
1.304240942
1.66613507271
1.29521489143
1.6819229126
1.29504418373
1.68081283569
1.29405617714
1.69599509239
1.29209113121
1.67787694931
1.29129290581
1.62430310249
1.84697294235
1.66562581062
1.2918639183
1.7937130928
1.89047503471
1.48587083817
1.31005382538
1.55543017387
1.29217505455
1.58248519897
1.29113912582
1.65782284737
1.29404592514
1.68633913994
1.29401302338
1.67506814003
1.29285502434
1.67935800552
1.29389095306
1.69240093231
1.29297399521
1.68896412849
1.29378318787
1.57788205147
1.29033994675
1.57051801682
1.33577084541
1.46586704254
1.41276621819
1.42374610901
1.46546196938
1.34206390381
1.73611617088
1.33939480782
1.57814383507
1.29612278938
1.62021708488
1.29243898392
1.64980006218
1.29265594482
1.65087890625
