batch times pre normalized by hold_sec =,1.0
wer, 70.7740300253
cer, 65.3184573808
bs, 7
hold_idx, -1
cuda, False
avg batch time, 1.8919704024
50%-tile latency, 0.269731862204
99%-tile latency, 0.326312039239
through put, 3.70738551919
data
2.2696120739
1.61878490448
1.84512495995
1.86577010155
1.64912009239
1.99293589592
1.58977007866
1.85551905632
1.81014800072
1.6518368721
1.95182394981
1.58727288246
2.25442910194
2.1959540844
1.58975815773
2.21814703941
2.0630710125
1.5959239006
1.9062731266
1.75694894791
1.68408298492
1.99168109894
1.5869448185
1.93566989899
2.25840592384
2.24270105362
2.20286488533
2.01874899864
1.6227581501
1.83357191086
2.00094795227
2.23414492607
1.80893588066
1.88812303543
1.64926886559
1.96437501907
1.60742092133
1.85841703415
1.82170987129
1.6048951149
1.95216584206
1.58829212189
1.90874505043
1.81194615364
1.62507796288
2.05016803741
2.28266096115
2.26818299294
2.13899207115
1.9167740345
1.89690494537
2.11484718323
1.88517189026
2.09502196312
1.87873888016
1.84005308151
1.64297699928
1.97424292564
1.67040395737
1.96976304054
2.05566000938
1.69944596291
1.96480298042
1.71301007271
1.71935915947
1.9608900547
2.28851985931
1.73215603828
1.96371817589
2.27963805199
1.73317503929
1.96548891068
1.58708310127
1.95647716522
1.68333292007
