batch times pre normalized by hold_sec =,1.0
wer, 66.0393498717
cer, 58.369443107
bs, 1
hold_idx, -1
cuda, False
avg batch time, 1.13301948865
50%-tile latency, 1.12806487083
99%-tile latency, 1.25154493332
through put, 0.886473841935
data
1.1708920002
1.25118899345
1.25255799294
1.20450091362
1.08771920204
1.17354393005
1.02489280701
1.13631892204
1.11658215523
1.24834299088
1.24723792076
1.24455595016
1.2400970459
1.22181200981
1.02444505692
1.18153691292
1.06447100639
1.02456498146
1.22978711128
1.24621987343
1.24702215195
1.12019705772
1.0257999897
1.16458392143
1.10242414474
1.02562594414
1.21719002724
1.04685401917
1.0271987915
1.21537995338
1.0252969265
1.0631248951
1.18415403366
1.02670788765
1.1034181118
1.12806487083
1.02518701553
1.13315701485
1.09148001671
1.02548789978
1.19109511375
1.05885982513
1.02525687218
1.21641683578
1.0243768692
1.03040790558
1.2161719799
1.02496695518
1.08293294907
1.16907405853
1.24844002724
1.2493288517
1.04381489754
1.02446579933
1.23183989525
1.24490904808
1.24677491188
1.10637593269
1.02617096901
1.19780087471
1.05962610245
1.025151968
1.23335194588
1.24485492706
1.23937702179
1.10837006569
1.02510094643
1.14746904373
1.08740997314
1.02485394478
1.17247390747
1.07000994682
1.024518013
1.22069191933
1.24409890175
