batch times pre normalized by hold_sec =,1.0
wer, 71.3806970509
cer, 66.0366102546
bs, 4
hold_idx, -1
cuda, False
avg batch time, 1.61184061368
50%-tile latency, 0.405567467213
99%-tile latency, 0.521323711872
through put, 2.46568100462
data
2.15685510635
1.52722597122
1.57210302353
1.49571180344
1.56409692764
1.99841713905
1.84926486015
1.37330698967
1.7550008297
1.36872506142
1.66263413429
1.36898112297
1.62797188759
1.36780500412
1.66816711426
1.37704110146
1.68562698364
1.38680100441
1.66501903534
1.40915489197
1.99849390984
1.99621605873
1.369535923
1.81400179863
1.74443888664
1.98826408386
1.98125696182
1.97807002068
1.69988298416
1.99625301361
1.4242208004
1.5934779644
1.44033098221
1.60268783569
1.46063709259
1.62846684456
1.98227596283
1.76710987091
1.36893320084
1.72035217285
1.36657094955
1.67442512512
1.36756587029
1.66590499878
1.37467598915
1.64531111717
2.06015205383
2.00343608856
1.78667497635
1.36709403992
1.71090984344
1.37030386925
1.68310809135
1.36728310585
1.64868307114
1.37275695801
1.62226986885
1.36995196342
1.65999889374
1.37646317482
1.65084004402
1.38523101807
1.63586115837
1.37313389778
1.6566901207
1.38922405243
1.6807641983
1.41314697266
1.65012311935
1.43394517899
1.60744404793
1.44976496696
1.59222888947
1.45888900757
1.58240294456
