batch times pre normalized by hold_sec =,1.0
wer, 70.7561597281
cer, 65.3952909648
bs, 8
hold_idx, -1
cuda, False
avg batch time, 2.02885046641
50%-tile latency, 0.251398235559
99%-tile latency, 0.317855556011
through put, 3.97775265914
data
1.96958708763
2.09188890457
1.76872205734
1.91649484634
2.07936906815
2.40428090096
1.73515081406
2.07907390594
1.76661610603
2.41891217232
2.12495088577
1.91220188141
1.74499320984
2.29083609581
1.90042185783
1.73600196838
2.08798909187
1.76589798927
1.86021900177
2.19839715958
2.43440008163
2.36379694939
2.41521191597
2.06075692177
1.94110298157
1.72774004936
2.17162418365
1.82006597519
1.7921628952
2.17711782455
1.84444403648
2.41849589348
2.04725599289
1.88388299942
1.90290808678
2.34641480446
2.34469389915
2.20881104469
2.3878929615
1.98815608025
1.94984102249
1.83239006996
2.01960301399
1.87266111374
1.76128578186
2.08743000031
1.70205593109
1.90470004082
2.04896998405
1.9787478447
1.92075014114
2.03780508041
2.42725992203
1.78684616089
2.03050398827
1.68284082413
1.94901609421
2.01499891281
2.43957996368
2.53687405586
2.51503896713
2.18145680428
1.87098813057
1.77074694633
2.18507599831
1.80276894569
1.72575211525
2.07163906097
1.68334317207
2.04586315155
2.01118588448
2.55983710289
1.80984592438
2.09079408646
1.7263481617
