batch times pre normalized by hold_sec =,1.0
wer, 71.2399926664
cer, 65.9124221326
bs, 11
hold_idx, -1
cuda, False
avg batch time, 2.36748875618
50%-tile latency, 0.211753455075
99%-tile latency, 0.263278954679
through put, 4.7224731216
data
2.88619399071
2.92417287827
2.02721595764
2.60115504265
2.48231101036
2.16922593117
2.39238715172
2.06114912033
2.52692317963
2.54768800735
2.71310019493
2.33228707314
1.99273514748
2.66363191605
2.43577313423
2.56051802635
2.27698087692
1.95918011665
2.27575707436
2.32928800583
2.63754701614
2.68388819695
1.95016789436
2.29072093964
2.31135892868
1.95053601265
2.05607295036
2.27245616913
2.10904693604
2.72257399559
2.01830101013
2.26457595825
2.22477507591
2.63249993324
2.62672114372
1.99575901031
2.39192509651
2.21788311005
1.8740799427
2.15078115463
2.38573908806
2.6641330719
2.62502098083
2.23710799217
2.09753704071
2.26161909103
2.04599499702
2.61004710197
2.05412507057
2.28453803062
2.08053207397
2.67858290672
2.61771607399
2.69422984123
2.7001721859
2.29014205933
2.23961901665
2.63526010513
2.67600107193
1.98470497131
2.2878909111
2.54438686371
2.69171094894
2.62998604774
2.63484287262
1.98961186409
2.28353118896
2.25135016441
1.96517586708
2.1286380291
2.40711283684
2.68653583527
2.65542793274
2.64118409157
2.36210417747
