batch times pre normalized by hold_sec =,1.0
wer, 70.7804951691
cer, 65.4101587391
bs, 9
hold_idx, -1
cuda, False
avg batch time, 2.12568448067
50%-tile latency, 0.23571644889
99%-tile latency, 0.286785330772
through put, 4.24238530959
data
2.14322686195
2.15254306793
1.73344993591
2.5205039978
2.11652708054
1.92657399178
1.80567717552
2.33797001839
2.45424890518
2.54367017746
2.68750786781
1.8339650631
2.1668241024
1.8495221138
1.99123096466
2.15293002129
2.40268087387
2.43224287033
1.86344003677
2.48827600479
2.42135095596
2.35476398468
2.50115394592
1.92725396156
2.14077091217
1.73955893517
1.95135998726
2.14484095573
1.73147511482
2.00883316994
2.10373997688
2.50365591049
1.81936407089
2.13898301125
1.87336993217
1.865224123
2.29595303535
2.40264201164
2.02736186981
1.96904683113
2.14274096489
2.47643208504
1.74555802345
2.04008507729
1.91297078133
1.86173677444
2.1453769207
1.80211400986
1.94308280945
2.13321709633
1.75157499313
1.94058704376
2.12144804001
2.48214101791
2.51656508446
1.91306495667
2.14639592171
1.7337179184
1.9371099472
2.12481117249
2.51962399483
1.77652812004
2.41717910767
2.18911910057
2.5020210743
1.79531502724
2.1213350296
2.48835086823
2.05393409729
1.95052504539
2.29955792427
2.49016714096
2.43257904053
1.874792099
2.12086391449
