batch times pre normalized by hold_sec =,1.0
wer, 65.2573529412
cer, 58.1188542112
bs, 3
hold_idx, -1
cuda, False
avg batch time, 2.19421138446
50%-tile latency, 0.719661951065
99%-tile latency, 0.895208090146
through put, 1.38954129577
data
2.76829695702
2.49917197227
1.95548200607
2.31811714172
2.6097471714
1.78046822548
2.04600691795
2.16142177582
2.60843205452
1.83441305161
2.22570300102
2.52429223061
1.80630493164
2.04570102692
2.40343999863
2.63487315178
2.16456007957
1.97265005112
2.51724910736
2.63224506378
2.62916398048
2.07504701614
2.05606102943
2.19243693352
2.65657711029
2.63910102844
1.8908290863
2.1589858532
1.9570069313
2.64854502678
2.03227591515
2.17951083183
1.81748890877
2.04218411446
2.17378687859
1.78843998909
1.89067316055
2.11892199516
2.63593196869
1.88822603226
2.18964099884
1.96752214432
1.89753603935
2.42997384071
2.49698805809
2.03734707832
1.95912909508
2.50770807266
2.49134707451
2.64798521996
2.64273786545
1.90006804466
2.19902396202
1.89841794968
1.92897987366
2.17812800407
1.91184711456
1.96500301361
2.37657499313
2.56503796577
1.78594303131
2.1244289875
2.1880710125
1.81828093529
2.63922214508
2.17449617386
2.14405202866
2.61707806587
1.86207795143
2.16473412514
1.98805093765
1.8856780529
2.14626502991
1.9548830986
1.90182614326
