batch times pre normalized by hold_sec =,1.0
wer, 64.1971112999
cer, 56.9582695253
bs, 8
hold_idx, -1
cuda, False
avg batch time, 2.92933868726
50%-tile latency, 0.366801142693
99%-tile latency, 0.426608350873
through put, 2.72627285907
data
2.55197882652
2.56555008888
2.63829803467
2.70938205719
3.0357439518
2.87699198723
2.72050499916
2.70493817329
3.08582282066
2.70029616356
3.18818092346
2.66256594658
3.10470819473
3.18833518028
2.61771202087
2.50945901871
2.37560582161
2.56795883179
2.69038105011
2.77775096893
2.98990702629
2.93440914154
2.89020204544
2.7021150589
3.02553701401
2.7203540802
2.53081798553
3.32305216789
3.30645990372
3.11590909958
2.7293639183
2.6114821434
3.2750980854
2.57115292549
3.12882995605
3.37854886055
3.16960382462
2.73115992546
2.56516504288
3.32909083366
3.22937393188
3.15686798096
2.70454692841
2.56459093094
3.32888913155
3.26665592194
2.65173196793
2.46312499046
3.20672798157
3.23006296158
3.28796601295
3.13502597809
3.12385416031
3.23363685608
2.71879982948
2.74057912827
2.61285305023
3.29042482376
3.20206904411
2.62180781364
3.24894595146
2.63867998123
3.29460096359
2.59104514122
3.30126714706
3.31138896942
3.08866000175
2.71984982491
2.62451910973
3.51054096222
3.14838194847
3.0551109314
2.96678590775
3.24558806419
2.88502311707
