batch times pre normalized by hold_sec =,1.0
wer, 65.6668900804
cer, 58.6643222707
bs, 4
hold_idx, -1
cuda, False
avg batch time, 2.29003111521
50%-tile latency, 0.56287997961
99%-tile latency, 0.711197105646
through put, 1.77657766526
data
2.55842208862
2.22314596176
2.70530581474
1.94614601135
2.27671289444
2.16473698616
2.59251594543
1.96710014343
2.2453918457
2.18061304092
2.26826000214
2.13789200783
2.28908586502
2.08608698845
1.95686292648
2.27735614777
2.22890090942
2.61083316803
1.97311711311
2.22297596931
2.19683718681
2.7288620472
1.94699501991
2.63456606865
2.41377401352
2.09773898125
1.93150115013
2.25787305832
2.24621796608
2.73725581169
2.72591686249
1.98395395279
2.25151991844
2.23909091949
2.86733102798
2.83686804771
2.82344818115
1.97659993172
2.23988103867
2.17298913002
2.7373790741
1.9643471241
2.27553701401
2.12520909309
1.88662815094
2.25977993011
2.34692597389
2.73560190201
1.93520712852
2.16934990883
2.27745604515
2.02334499359
2.03097009659
2.26062488556
2.18609690666
2.26378011703
2.13720107079
2.433604002
2.13329386711
1.92475295067
2.23158288002
2.26199412346
2.74185919762
2.67768883705
1.97980690002
2.55161499977
2.27155303955
2.68610310555
2.75107908249
1.91076207161
2.27826213837
2.29137516022
2.56319284439
1.9317920208
2.29589486122
