batch times pre normalized by hold_sec =,1.0
wer, 65.2236974227
cer, 58.0613832642
bs, 12
hold_idx, -1
cuda, False
avg batch time, 3.33981028239
50%-tile latency, 0.261899411678
99%-tile latency, 0.335333609978
through put, 3.81825981812
data
4.00831413269
3.43279886246
2.964179039
3.82487487793
3.15701293945
3.53094005585
3.104637146
3.55413889885
3.14255309105
3.0083630085
3.02313899994
3.8322520256
3.79184699059
3.44574594498
3.75773596764
3.96146202087
3.21537899971
3.55213284492
3.10161185265
3.12583398819
3.80650997162
4.06865715981
3.77926111221
3.10520505905
3.14279294014
3.1045589447
3.1205329895
3.10895013809
3.10755705833
3.09611296654
3.87061214447
3.37498807907
3.67182803154
3.19022583961
3.42871689796
3.1427628994
3.12717914581
3.86112189293
3.20949697495
3.63691306114
3.14050602913
3.12346315384
3.1337621212
3.52164006233
3.13058280945
3.82421588898
2.87676715851
2.79782485962
2.82650613785
2.83525896072
3.76729106903
3.68082094193
3.09324407578
3.53565502167
3.81169104576
3.83483195305
3.62197589874
3.39492416382
3.23131990433
3.10795807838
3.12420201302
3.04974508286
3.83220815659
3.89195108414
3.15429806709
3.03545212746
3.13984513283
3.05205512047
3.13445496559
3.12653708458
3.12374186516
3.11012911797
3.09683299065
3.01260209084
2.82254195213
