batch times pre normalized by hold_sec =,1.0
wer, 64.3010333398
cer, 57.0173836827
bs, 7
hold_idx, -1
cuda, False
avg batch time, 2.65000035286
50%-tile latency, 0.372760568346
99%-tile latency, 0.465161690712
through put, 2.6826871856
data
2.71979904175
2.68163204193
2.64470100403
2.55795502663
2.50954890251
2.31075119972
2.52330493927
2.70463299751
2.69218301773
2.63704299927
2.66352796555
3.16657209396
2.67409205437
2.33364486694
2.43461108208
2.46022796631
2.5920650959
2.59217596054
2.60932397842
2.35806703568
3.11022090912
2.25822091103
2.47304201126
3.07265996933
2.60494494438
2.89331507683
2.84017777443
2.86350607872
2.59198594093
2.44497299194
2.25827288628
2.83261799812
2.46998500824
2.59470510483
2.64493298531
2.62040996552
2.40541791916
2.24400305748
2.41313910484
2.62117099762
2.83837413788
2.93565297127
2.61142897606
2.4495139122
3.15807890892
2.39708089828
2.33569192886
2.51391482353
2.61828303337
2.6278860569
2.55738115311
2.77171397209
3.18092703819
3.24510192871
2.41310405731
2.30140900612
3.12341594696
2.39181113243
2.58462500572
2.6283788681
2.64175796509
2.48305296898
3.0984749794
3.25787901878
2.44942688942
3.02873706818
3.25551795959
3.04870605469
2.3360478878
2.31741499901
2.51383900642
2.61901402473
2.59791088104
2.54113698006
2.75377511978
