batch times pre normalized by hold_sec =,1.0
wer, 63.5569852941
cer, 54.5061992304
bs, 3
hold_idx, -1
cuda, False
avg batch time, 2.78269194285
50%-tile latency, 0.882654349009
99%-tile latency, 1.11396197796
through put, 1.13294632392
data
3.15163898468
2.71695208549
2.54752087593
3.34925699234
3.08812999725
2.48849391937
2.32714700699
2.52186608315
2.60838913918
2.84564709663
2.88688707352
3.24219298363
2.83548784256
2.90975308418
2.61865091324
2.74807405472
3.22923612595
2.55156493187
3.32533502579
2.626693964
2.29962611198
2.5390059948
2.62470698357
2.64133310318
2.63986086845
2.54886198044
3.29873085022
2.43987298012
2.36327505112
2.55449509621
2.63686704636
2.64202594757
2.64796304703
3.15836215019
2.6011531353
3.24392819405
2.46475815773
3.30529689789
2.57820987701
2.35291218758
3.26398897171
3.29744911194
2.4007370472
2.59213089943
2.6347219944
2.65463900566
2.65138792992
2.5025138855
2.33207821846
2.50415992737
2.64040589333
2.8541059494
3.0027987957
2.66848015785
2.69254493713
2.51057910919
3.31309103966
2.60377407074
2.32964801788
2.5298500061
2.66561293602
2.60448694229
2.66417694092
2.53594589233
3.2962808609
3.1397151947
2.47368311882
3.33929610252
3.32332205772
3.31582808495
3.30818295479
2.97166609764
2.98293685913
2.98117589951
2.92033696175
