batch times pre normalized by hold_sec =,1.0
wer, 63.471849866
cer, 54.5762818299
bs, 4
hold_idx, -1
cuda, False
avg batch time, 2.98266352336
50%-tile latency, 0.701274514198
99%-tile latency, 0.899549808502
through put, 1.4259751064
data
3.58951497078
3.04118299484
2.80509805679
2.81504893303
3.05585193634
2.798568964
2.8011701107
3.43043494225
2.80202698708
3.4533290863
2.78210806847
2.78026986122
2.69038105011
3.32079982758
2.69888615608
3.39840507507
2.73177909851
3.24414801598
2.67484211922
3.39645886421
2.70462012291
3.0757920742
3.30921888351
2.70925498009
3.32824993134
2.72182512283
3.46413397789
3.2159678936
2.77013015747
2.76043391228
3.26747703552
2.73690891266
3.35567307472
2.65654802322
2.48005604744
2.5051112175
2.64917707443
2.75294589996
2.77273702621
2.79000592232
2.78599286079
2.85561203957
2.73134994507
2.8894739151
3.34531998634
2.69874405861
3.33100318909
2.71966004372
3.1883919239
3.49221086502
3.14711880684
2.79205489159
3.18816900253
3.18678307533
3.02243208885
3.05964684486
3.04634809494
2.79493403435
3.09696507454
2.78262591362
2.79747605324
2.77797794342
2.6452460289
3.6229159832
3.2083261013
2.78903412819
3.37181591988
3.05358409882
2.80211520195
2.78735399246
2.74293684959
3.35530400276
2.76370596886
3.01985692978
3.47070598602
