batch times pre normalized by hold_sec =,1.0
wer, 61.7951930744
cer, 52.7273889967
bs, 6
hold_idx, -1
cuda, False
avg batch time, 3.14953095118
50%-tile latency, 0.503029028575
99%-tile latency, 0.646686909993
through put, 1.98795684383
data
3.07247209549
2.95424199104
2.90538811684
2.90342593193
2.92501807213
2.97729897499
2.99949002266
3.87526488304
3.70808911324
3.06560015678
3.21971678734
3.36667513847
3.076390028
3.8585460186
2.8285548687
3.89394402504
3.23356699944
3.5152618885
3.07158088684
3.20502209663
3.06180691719
3.0592520237
3.82240200043
3.83647704124
2.84878587723
2.84923887253
3.69276785851
3.48978996277
3.21491003036
3.35079908371
3.6290230751
3.32062602043
2.82618904114
2.89516687393
2.89543581009
2.95483803749
2.990224123
2.93151712418
3.79689407349
2.80369496346
2.84060311317
2.7288608551
2.89965200424
3.83344197273
3.6200428009
3.42614603043
3.27288198471
3.17281794548
3.03098511696
3.00113892555
3.05215597153
3.0345480442
3.06899690628
3.02899718285
2.98793888092
3.00799393654
3.01817417145
3.79047012329
2.79875707626
2.80307793617
2.85472989082
2.85118579865
2.94693398476
2.95812511444
2.95403003693
2.99963998795
3.79667305946
2.87803602219
2.80974507332
2.78121614456
2.88598418236
2.92723417282
3.53565597534
2.84550309181
2.84706091881
