batch times pre normalized by hold_sec =,1.0
wer, 64.8849557522
cer, 55.1724137931
bs, 2
hold_idx, -1
cuda, False
avg batch time, 2.5492771403
50%-tile latency, 1.25494897366
99%-tile latency, 1.57348401785
through put, 0.796845147486
data
2.88730192184
2.87249207497
2.82915496826
3.00595784187
2.36837506294
2.19887208939
2.4521241188
2.52449083328
2.52452111244
2.37170982361
2.23659896851
2.45275211334
2.50720500946
2.50269889832
2.29816198349
3.15263795853
2.62618803978
2.36450314522
2.52066612244
2.74024391174
3.14497590065
2.81026983261
2.52092218399
3.08293008804
2.29649806023
2.2745320797
2.53559589386
2.53442621231
2.52058601379
2.27553606033
2.28168082237
2.51917505264
2.54948687553
2.41257596016
3.11364579201
3.09703588486
2.27883601189
2.27080202103
2.50980401039
2.5280380249
2.52759003639
2.24051594734
2.29196405411
2.52662491798
2.48611116409
2.38738298416
2.18332386017
2.41671490669
2.52921581268
2.56366205215
3.04969000816
2.39916801453
2.1985168457
2.4177069664
2.56052303314
2.52254700661
2.31691002846
2.22735500336
2.49317598343
2.86357092857
2.68353891373
2.50989794731
2.28566193581
2.23330211639
2.49145412445
2.46335792542
2.51710915565
3.09590101242
2.26560401917
2.2986600399
2.46965193748
2.71790385246
2.81276106834
3.12206411362
3.03263902664
