batch times pre normalized by hold_sec =,1.0
wer, 62.2868667115
cer, 53.2120282155
bs, 11
hold_idx, -1
cuda, False
avg batch time, 3.94765213013
50%-tile latency, 0.338036363775
99%-tile latency, 0.432340960503
through put, 2.95826161669
data
4.48015809059
3.76541090012
3.63351988792
4.32478308678
3.6939561367
3.62695908546
4.3811340332
3.70765089989
3.62459182739
3.69101905823
3.99878501892
3.70179104805
3.65089797974
3.68391299248
4.73246216774
3.61908888817
4.0188639164
4.34805297852
3.67143797874
4.02725100517
3.71840000153
3.65871691704
3.64495515823
4.0996530056
3.68953895569
3.54894280434
3.68212413788
4.19054293633
3.65874814987
3.63753700256
4.44202709198
4.48164987564
4.28429198265
3.73812198639
4.82203292847
3.69923210144
4.61434006691
4.19854092598
4.23579406738
4.39721989632
3.69725799561
3.54685807228
3.69777202606
4.34907102585
3.65901207924
3.59525799751
4.2715280056
4.14102602005
3.5685839653
4.23304891586
3.69357395172
3.6093621254
4.48380303383
3.68929791451
3.66889715195
4.40834307671
3.75292015076
3.48606300354
3.59699988365
4.24850893021
3.67880177498
4.67140507698
3.96356081963
3.62766385078
4.73012804985
3.77543210983
3.62638306618
4.35587882996
3.69013786316
3.61869287491
4.38571095467
3.84703707695
3.63122010231
4.385160923
3.86537408829
