batch times pre normalized by hold_sec =,1.0
wer, 61.5791062802
cer, 52.5014514507
bs, 9
hold_idx, -1
cuda, False
avg batch time, 3.69459970474
50%-tile latency, 0.390900770823
99%-tile latency, 0.513163748317
through put, 2.55819398333
data
3.72134494781
4.63303112984
3.85492300987
3.38536000252
3.38714718819
4.31210017204
3.58764696121
3.56314897537
3.3240480423
3.54497098923
4.03799104691
3.43446302414
3.37939405441
3.28637099266
3.37196111679
4.2410068512
3.46855902672
3.46052908897
3.23946094513
3.3394010067
4.48187613487
3.54635286331
4.39486002922
4.61335897446
3.52274918556
3.51810693741
4.38693380356
4.42327213287
4.04338788986
3.36482095718
4.19757795334
3.97876691818
3.8507900238
3.46163201332
3.2996199131
3.34661006927
4.10210895538
3.44292092323
4.29066300392
4.14720797539
3.54449892044
3.43603587151
3.30699396133
3.12707901001
3.36203598976
4.03784608841
3.43717813492
3.45194983482
3.3177011013
3.28859496117
3.44084692001
3.63811421394
3.8053188324
3.44735407829
3.30237197876
3.36435294151
4.3569290638
3.60273003578
3.41695213318
3.18801498413
3.32444596291
4.14036917686
3.50131511688
3.46142315865
4.22911596298
3.94892096519
3.35428404808
3.38891100883
3.36479997635
4.09228587151
3.87901520729
4.35719394684
4.07339000702
3.66052794456
3.45960521698
