batch times pre normalized by hold_sec =,1.0
wer, 61.5519594463
cer, 52.3957344241
bs, 7
hold_idx, -1
cuda, False
avg batch time, 3.18417087237
50%-tile latency, 0.440289974213
99%-tile latency, 0.580937245233
through put, 2.27123045849
data
3.86672091484
3.3446199894
3.17989587784
3.18334698677
3.29756307602
3.28202700615
3.19478583336
3.40362000465
3.04307699203
3.04935407639
2.99569702148
3.02340006828
4.16215705872
3.64241099358
3.33383321762
3.17671084404
3.17406392097
3.1812620163
3.13749217987
3.07404899597
3.02302217484
3.0019068718
2.97680497169
3.24396085739
2.98685407639
2.97133898735
2.94306397438
2.93991994858
2.86394906044
2.99006819725
2.97735786438
2.98093605042
2.97843003273
2.97414183617
2.9770488739
2.96656703949
2.99542093277
2.95826196671
2.98919391632
2.94428801537
2.79398298264
3.0207028389
4.03297281265
3.63444590569
3.17644286156
3.18883919716
3.19012713432
3.49792504311
3.97274899483
3.82513403893
3.18457794189
3.19035315514
3.18313694
3.32331204414
3.18450307846
3.07785391808
3.8968360424
3.78208613396
3.18473792076
3.08202981949
3.56366205215
3.2585670948
3.12430214882
3.06421303749
3.04329705238
3.20708417892
2.9541490078
2.86255788803
2.9873509407
2.9892771244
3.01171112061
2.94612002373
2.86315512657
3.09633398056
2.98966312408
