batch times pre normalized by hold_sec =,1.0
wer, 62.2773880194
cer, 53.6041508479
bs, 5
hold_idx, -1
cuda, False
avg batch time, 3.03042846044
50%-tile latency, 0.586236810684
99%-tile latency, 0.740381519318
through put, 1.70579530622
data
3.48116803169
3.24300003052
2.96535801888
2.98067498207
2.79616999626
3.15388607979
3.13221216202
2.91506910324
2.9395608902
2.97047996521
2.90000295639
2.89859509468
3.30821800232
3.27982497215
3.06261491776
3.63879203796
3.59061098099
2.59277892113
2.7282500267
2.80350208282
3.73548817635
2.63696193695
2.60923600197
3.63520812988
2.64954805374
2.71036601067
2.88919615746
3.56647801399
2.71239709854
2.68133211136
2.91359400749
2.91022396088
2.86501383781
3.1508910656
2.9098610878
2.93439912796
2.95679116249
2.92462205887
3.2010550499
2.93118405342
3.06097793579
2.91570711136
3.35146999359
2.90669488907
2.92564582825
2.92797493935
2.87180709839
2.8882689476
3.1922018528
3.69010901451
2.91011619568
2.88481807709
2.84043598175
3.43429112434
2.95627713203
2.89816403389
2.93586993217
2.90895605087
2.93681788445
2.95173597336
2.92833709717
2.93182015419
2.94788193703
2.89457702637
2.87306690216
2.90848708153
2.94923782349
3.63089704514
3.14405298233
2.91681194305
2.89548516273
3.23554491997
3.27275109291
3.65414690971
2.80608010292
