batch times pre normalized by hold_sec =,1.0
wer, 61.5866545894
cer, 51.1236352823
bs, 9
hold_idx, -1
cuda, False
avg batch time, 4.47355669339
50%-tile latency, 0.473886118995
99%-tile latency, 0.594489535756
through put, 2.11021163085
data
4.23637509346
4.84607601166
4.13741803169
4.15214300156
4.35786700249
4.12391090393
5.23989486694
4.09761404991
4.06469297409
4.25228691101
4.5675740242
4.17604804039
5.34597802162
4.22007203102
4.07851195335
5.12014698982
4.03959298134
4.20462584496
4.58975100517
4.24793696404
4.62746691704
4.21212506294
4.54265809059
4.13759207726
4.79380011559
5.14193916321
4.0786678791
4.66588997841
4.41889405251
4.23722720146
4.17946100235
4.03458690643
4.18444609642
4.0819709301
4.19526386261
5.36300802231
4.60341382027
4.06907296181
4.20277500153
4.1914908886
5.1112279892
4.29533100128
4.64912390709
4.68629789352
4.48694014549
4.16643095016
4.26497507095
4.49870586395
4.16210699081
4.59850692749
4.75652599335
4.45801687241
5.31212091446
5.22422003746
5.13746595383
5.17653203011
4.14522194862
4.63471102715
5.16987991333
4.30011796951
4.20679211617
4.0984711647
5.08732199669
4.12070703506
4.19045186043
4.61386799812
4.18698501587
4.5256459713
4.23705077171
4.36131691933
4.20414805412
4.85371088982
5.15754890442
4.13840699196
4.23960018158
