batch times pre normalized by hold_sec =,1.0
wer, 67.5044247788
cer, 55.9818373256
bs, 2
hold_idx, -1
cuda, False
avg batch time, 3.0972319444
50%-tile latency, 1.49428904057
99%-tile latency, 1.89140439034
through put, 0.669214571514
data
3.16601896286
2.95707607269
2.96540093422
2.99247789383
3.00498509407
2.97896289825
3.070966959
3.53606700897
2.87558484077
3.77433800697
2.79537916183
2.79557704926
3.80691790581
3.62098312378
2.96339797974
2.97200989723
2.9861638546
2.99029517174
2.97921800613
2.95138812065
3.58989977837
2.98755192757
2.99439096451
3.01383185387
2.97936105728
3.02745699883
3.47654509544
3.02041506767
2.98857808113
2.93085098267
2.97966909409
2.99295282364
2.99045085907
3.00032305717
2.97296094894
2.96775197983
3.54124593735
2.96932005882
2.98469018936
2.99288082123
2.97944808006
2.99642801285
2.97557687759
3.00653886795
3.59779000282
2.93126988411
2.93484401703
2.97983002663
3.00114393234
2.93952512741
2.95313310623
2.96508407593
3.62969088554
2.97115492821
3.08337712288
3.22083210945
2.92501211166
2.96383905411
2.98642992973
2.98795008659
3.00978899002
3.0328950882
3.51069498062
2.98213100433
2.97185492516
3.18769192696
3.31560611725
3.19583797455
2.96173810959
3.45751595497
3.02794599533
2.97034907341
2.97581505775
3.45710396767
3.62219190598
