batch times pre normalized by hold_sec =,1.0
wer, 61.4018691589
cer, 50.9220265442
bs, 8
hold_idx, -1
cuda, False
avg batch time, 4.17441828092
50%-tile latency, 0.499590367079
99%-tile latency, 0.639238880277
through put, 2.00163987518
data
4.35620212555
5.2053861618
4.04953312874
4.02575206757
4.09457993507
4.43959283829
3.99139595032
4.0450501442
3.93943309784
3.8905980587
3.97258591652
4.39007401466
3.99672293663
4.5648958683
4.22124791145
3.99438405037
4.27285003662
4.0792889595
4.37346291542
5.06860113144
4.31913614273
4.98379898071
3.92136502266
3.87682795525
3.98993206024
3.93856906891
4.45946216583
4.49677014351
3.96969509125
3.99341487885
3.97555088997
3.99277186394
4.04202699661
3.93941688538
4.9914150238
3.94450497627
3.96552109718
4.03918719292
5.08177113533
4.00067210197
3.95424389839
3.99340105057
4.03084611893
3.96592903137
4.34917593002
4.51352405548
3.93778800964
3.907943964
3.91872501373
3.92231106758
4.73059487343
4.15392684937
4.03463292122
4.70911598206
3.95951008797
4.53421092033
3.90077805519
3.97601890564
3.93030810356
3.91899895668
3.92880797386
5.05736804008
4.01804089546
4.38935089111
3.98022198677
3.95869994164
3.9864180088
3.87895107269
4.06797003746
3.9378631115
3.9084610939
3.97684407234
4.31543493271
3.85670208931
4.58480620384
