batch times pre normalized by hold_sec =,1.0
wer, 61.737180737
cer, 51.0390037251
bs, 7
hold_idx, -1
cuda, False
avg batch time, 4.02195297877
50%-tile latency, 0.547611270632
99%-tile latency, 0.704363925798
through put, 1.82611288998
data
4.032736063
3.81462097168
3.78139686584
4.87738108635
3.9276599884
3.8104569912
4.34569883347
3.71274399757
3.83327889442
4.33715415001
3.75463604927
3.78014111519
4.34047603607
4.61537003517
4.68507194519
3.75032401085
3.8039700985
4.25201201439
3.73751211166
3.75117301941
4.85337400436
3.764564991
3.82584118843
3.76123309135
3.75596809387
4.0999341011
4.16496181488
3.90003490448
3.82849907875
3.77971887589
3.64434790611
3.75951600075
3.79567480087
4.36996793747
4.66805815697
4.30570793152
3.82516694069
3.8394138813
4.31120991707
3.74036002159
3.811398983
3.97301197052
3.91768598557
4.71955704689
3.77525877953
3.76300692558
3.87659192085
4.39358401299
3.79338622093
5.08186721802
3.91936421394
3.75021600723
4.70765185356
4.19757604599
4.83148217201
3.80197095871
3.91552090645
4.16167116165
3.71793198586
3.82275295258
4.26913404465
3.81983399391
3.84827184677
4.06095695496
3.73315691948
3.7500140667
4.08711218834
3.75530099869
3.74190998077
3.82853102684
4.25388908386
3.75827002525
3.85325908661
4.19879388809
3.81918406487
