batch times pre normalized by hold_sec =,1.0
wer, 64.2258713137
cer, 53.7599296681
bs, 4
hold_idx, -1
cuda, False
avg batch time, 3.49759681066
50%-tile latency, 0.831829547882
99%-tile latency, 1.0544149363
through put, 1.20216936576
data
3.73377990723
4.01975679398
3.13809394836
3.21415901184
3.1308619976
3.10087203979
3.93146204948
3.2787630558
3.69017601013
3.30070900917
3.16210412979
3.1695971489
3.15004205704
3.15237784386
3.15881586075
3.32237291336
3.87220096588
3.26810312271
4.21611690521
4.09108996391
3.28447580338
3.62846207619
3.83388113976
3.14723992348
3.17966389656
3.19763708115
3.22534489632
3.99798083305
3.26609492302
4.02132797241
3.14151215553
3.53856897354
3.12778401375
3.81541013718
3.62229514122
3.40130996704
3.26119804382
3.19216012955
3.13636898994
4.22205090523
3.68538212776
4.17782402039
4.08705496788
3.71896195412
3.2532491684
3.34247589111
3.23669886589
3.19692802429
3.12834692001
4.1896469593
3.68388104439
3.32731819153
3.3850069046
3.19216895103
3.17757201195
4.15988087654
3.40479898453
3.64348196983
3.41737294197
4.15545606613
3.95079398155
3.61570191383
3.36576199532
3.22794485092
3.19937992096
3.9294359684
4.12897896767
3.47863793373
3.7023768425
3.19787693024
2.97043585777
3.17936587334
3.19871807098
3.13254499435
4.13607811928
