batch times pre normalized by hold_sec =,1.0
wer, 61.9948814655
cer, 51.6039069204
bs, 10
hold_idx, -1
cuda, False
avg batch time, 4.64303686778
50%-tile latency, 0.453504395485
99%-tile latency, 0.589815217972
through put, 2.20505029269
data
6.11589789391
4.88261008263
5.82164692879
4.5368270874
4.52723884583
4.55243611336
4.53504395485
4.35047698021
4.28961706161
4.52561712265
4.64333701134
5.52653098106
4.43984794617
5.2422478199
5.09163784981
4.51567292213
4.33115506172
4.432762146
4.39833807945
4.75294399261
4.39017081261
5.10329508781
4.50853514671
4.37009191513
4.50593185425
4.64484715462
5.22728705406
5.47114491463
4.54679608345
4.49262285233
4.36879992485
4.49113798141
4.59160614014
4.84725999832
4.57509303093
4.3582379818
4.61452579498
4.88656401634
4.55609083176
4.34741592407
4.57054305077
4.55510497093
4.33566093445
4.53531908989
4.34022116661
4.38620495796
4.4915471077
4.36803483963
4.47511601448
4.58806300163
4.42595505714
4.53814291954
4.96337199211
4.60349106789
5.52603387833
4.91779589653
4.99026083946
4.28244781494
4.88592219353
4.18410301208
4.32130098343
4.2234890461
4.47572684288
4.22910189629
4.40179300308
4.67930388451
4.40877580643
4.62109804153
4.43050694466
4.59768509865
4.44168686867
5.58646416664
4.23853302002
4.41728115082
4.7823381424
