batch times pre normalized by hold_sec =,1.0
wer, 66.5214477212
cer, 54.8086282144
bs, 4
hold_idx, -1
cuda, False
avg batch time, 3.97245901108
50%-tile latency, 0.95757997036
99%-tile latency, 1.2308030498
through put, 1.04429920315
data
4.12928104401
3.82331681252
3.72126698494
3.90350794792
3.99968504906
3.77337002754
3.85730600357
3.88797211647
3.76673603058
3.76222491264
4.10226416588
4.14578008652
3.65563511848
3.83605003357
3.84264707565
3.77360010147
3.7113571167
3.84854602814
3.78653907776
3.72270202637
3.7698431015
3.86570692062
4.40262198448
3.75317120552
3.82656002045
4.43852591515
3.8033759594
3.7894589901
4.49368190765
3.76299905777
3.82488393784
4.43644094467
3.65244698524
3.81729388237
3.85642004013
3.83781003952
3.92259097099
3.81981992722
4.27454090118
3.77422785759
3.81164717674
4.84314084053
4.88954997063
4.25469994545
4.88244700432
3.67576503754
4.27181601524
3.87213802338
4.45764994621
3.76747989655
3.65454602242
4.93916797638
3.85313510895
3.81799697876
3.77962994576
3.97798395157
3.87107682228
4.32699990273
3.63916492462
3.83031988144
3.8228290081
3.77151083946
3.81791400909
3.5711479187
3.86772108078
3.77640390396
3.77412414551
3.78676390648
3.85073113441
3.70261597633
4.67278790474
4.40986013412
3.76263618469
3.84120988846
4.91760611534
