batch times pre normalized by hold_sec =,1.0
wer, 65.1106314085
cer, 53.6092128575
bs, 5
hold_idx, -1
cuda, False
avg batch time, 4.20270414988
50%-tile latency, 0.816002368927
99%-tile latency, 1.00908320141
through put, 1.22548663837
data
4.29048609734
5.25124406815
4.23943805695
3.95536899567
3.90515089035
4.08643484116
4.32959508896
4.01962709427
4.00659203529
4.37733507156
4.06603097916
3.94451999664
3.92572689056
4.09478187561
4.55373001099
4.14131402969
4.05071187019
4.29957795143
4.1007130146
4.60865998268
4.01888489723
4.04103803635
3.94998192787
3.91119217873
4.08435797691
3.94187998772
3.89828705788
4.1015188694
4.41838908195
4.14989805222
4.13115692139
4.08189296722
4.83830499649
4.19051504135
4.08146691322
4.43510484695
3.9574379921
4.00529193878
3.91535401344
3.91345500946
4.64339590073
3.89772391319
4.08768081665
4.94545412064
4.01583600044
4.51967597008
3.91356706619
4.05436515808
3.95372700691
4.91699290276
4.41669511795
4.08001184464
3.9809589386
3.93082690239
4.00230503082
4.95796179771
4.04867219925
4.04073309898
3.94261312485
4.05572605133
4.1558110714
3.963971138
3.99131298065
3.99785590172
3.94022393227
4.97309803963
4.38427400589
4.88579010963
3.89950203896
3.92737197876
4.0624268055
4.46506690979
4.1590218544
4.71653699875
4.96317696571
