batch times pre normalized by hold_sec =,1.0
wer, 64.3809089874
cer, 52.6122823098
bs, 6
hold_idx, -1
cuda, False
avg batch time, 4.54244070371
50%-tile latency, 0.725308338801
99%-tile latency, 0.904847702185
through put, 1.37872398055
data
4.75542402267
4.39455795288
4.59440588951
4.27637505531
5.36806082726
4.31321001053
4.232681036
4.26330685616
5.01606702805
4.7744538784
4.32150912285
4.74864292145
5.09577894211
4.39311599731
4.33235192299
4.13915801048
4.2935230732
4.83252906799
5.35500717163
4.12316703796
4.32776594162
4.12080001831
5.25880289078
5.38394117355
4.57715678215
4.31947517395
4.6091439724
4.36265015602
5.55757594109
4.81105995178
4.32062005997
4.71680998802
4.34921193123
4.58536911011
4.22320485115
4.70168995857
4.214594841
4.17703294754
4.12254881859
4.32990384102
5.38021397591
5.30428791046
4.43274784088
4.1388759613
4.3237349987
4.72550702095
4.35185003281
5.11610412598
5.02527499199
4.12432980537
4.35943198204
4.12864112854
4.89722800255
4.54151678085
4.28589105606
4.20230603218
4.34537696838
4.17790389061
4.10463380814
4.30575299263
4.20124101639
4.3555970192
5.17282295227
4.32016015053
4.85813188553
4.83082103729
4.16117811203
4.37717008591
4.35063409805
4.26928400993
4.12720394135
5.15353012085
4.14185786247
5.07372999191
4.32539701462
