batch times pre normalized by hold_sec =,1.0
wer, 70.7256637168
cer, 58.1995261911
bs, 2
hold_idx, -1
cuda, False
avg batch time, 3.63133918126
50%-tile latency, 1.7130484581
99%-tile latency, 2.28544216633
through put, 0.583754648196
data
4.36243987083
3.45234680176
4.12809491158
4.30559897423
3.41902017593
3.41228699684
3.40305614471
3.4012761116
3.39532589912
3.45832490921
3.48630404472
3.44920992851
3.45104598999
4.05071496964
3.37448120117
3.40342211723
3.52009797096
4.59462189674
3.42953705788
3.38503694534
3.44625592232
4.49657583237
3.55979895592
3.41460800171
3.38888692856
3.4260969162
3.95079898834
3.41046905518
3.38835597038
3.40994596481
3.39415383339
4.21115899086
3.42063808441
3.41925597191
3.45207500458
3.39027905464
4.3758289814
3.39198803902
3.42375993729
3.42638611794
4.24687790871
4.07953715324
3.41481208801
3.44234108925
4.26244997978
3.42214298248
3.66631913185
3.37750506401
3.69479990005
3.40937900543
3.33707094193
4.27464294434
3.43162488937
3.40576791763
3.40889692307
3.38253307343
3.37471294403
3.39016699791
3.43510103226
4.03697681427
3.31408786774
3.41689515114
3.413615942
3.39098215103
4.56254410744
3.75921916962
3.35874414444
4.48275709152
3.83641791344
3.58414793015
4.3605670929
3.47296285629
3.40717983246
3.40566802025
3.41143107414
