batch times pre normalized by hold_sec =,1.0
wer, 63.9682112069
cer, 52.3168946545
bs, 10
hold_idx, -1
cuda, False
avg batch time, 5.43901682218
50%-tile latency, 0.533947181702
99%-tile latency, 0.659199596882
through put, 1.87284442033
data
5.34472489357
5.30412817001
5.1586830616
6.41234302521
5.32186412811
6.07905578613
5.23353099823
5.54821300507
5.38152503967
5.26444816589
5.99453520775
5.00640511513
6.54957199097
5.35343885422
6.71274113655
4.93740487099
6.33049702644
5.42553591728
5.49122095108
5.10804796219
6.04007315636
5.36023211479
4.97262883186
6.27056598663
5.33947181702
5.37277579308
5.13725304604
5.1382830143
5.29266905785
5.6514210701
5.06719398499
5.2440559864
4.99832081795
5.78609609604
5.50254702568
5.98124790192
5.31879901886
5.25251507759
5.32703399658
5.3180770874
5.53756189346
5.05408906937
5.94467377663
5.25928092003
5.34822297096
5.97062397003
5.39170217514
5.621281147
5.03429102898
5.22586512566
6.28334307671
5.27513408661
5.40219306946
4.94698405266
5.31245708466
4.97090411186
5.48207211494
5.60821294785
5.11815190315
5.35447406769
5.38440394402
5.02431082726
5.07567310333
5.21050214767
5.15047502518
5.56284999847
4.92101597786
5.18021678925
5.36860799789
4.88170981407
5.18270301819
5.89281916618
5.070759058
6.19394397736
5.35557603836
