batch times pre normalized by hold_sec =,1.0
wer, 64.2241642731
cer, 52.4390802492
bs, 11
hold_idx, -1
cuda, False
avg batch time, 5.64083696047
50%-tile latency, 0.506743821231
99%-tile latency, 0.608389974507
through put, 1.97338370613
data
6.69796705246
5.26301288605
5.66986203194
5.90116691589
5.41016101837
5.27509689331
5.49494504929
5.5346801281
5.46859312057
5.54008793831
6.66965579987
5.59066009521
5.98176503181
5.51665711403
5.86880707741
5.72318100929
5.73568081856
5.72412991524
5.22082805634
5.45779085159
6.10386300087
5.37012791634
5.74802112579
5.66209506989
6.64083409309
5.56759190559
5.57159805298
5.64040613174
5.5903840065
5.37586903572
5.29383301735
6.21288204193
6.08572006226
5.46243882179
5.51664686203
5.60860991478
5.08079314232
5.74274587631
5.71537995338
5.12516307831
5.40567088127
5.5888531208
5.57678699493
5.21614289284
5.27378106117
5.47695302963
5.25213193893
5.06973004341
5.53602910042
5.61848711967
5.41218709946
6.15919399261
5.59920406342
5.46110486984
5.78939080238
5.4532289505
5.69273495674
5.11436605453
5.39729404449
5.63163495064
6.26848101616
5.34655094147
6.54273700714
5.57418203354
6.34373307228
5.34811997414
5.57299017906
6.690294981
5.31261897087
5.60065889359
5.65704607964
5.73282909393
5.10970687866
6.01309204102
5.36509299278
