batch times pre normalized by hold_sec =,1.0
wer, 63.4069668649
cer, 51.6637953037
bs, 8
hold_idx, -1
cuda, False
avg batch time, 4.86529263814
50%-tile latency, 0.597713649273
99%-tile latency, 0.739626967311
through put, 1.67304193441
data
4.85050415993
4.97671914101
4.93246889114
4.71394920349
4.6337518692
4.56562614441
4.62206196785
5.03955698013
4.72746515274
4.53769302368
4.60913300514
5.43894696236
4.72303080559
4.86203503609
4.83260416985
5.14191198349
4.87085986137
4.5442969799
4.60294103622
4.53674983978
4.9504339695
5.53394198418
5.27935695648
4.99950194359
5.31964302063
4.7569360733
4.49903106689
4.78170919418
5.3840379715
5.01657390594
4.66966819763
4.49964904785
4.65261793137
4.57662701607
5.18277597427
4.80440688133
4.55434608459
4.71389698982
4.49761295319
4.55318117142
4.5946559906
5.11288785934
4.79839706421
4.54769396782
4.95799899101
4.67220592499
4.94199919701
4.85838508606
4.54411292076
5.29069399834
4.84802007675
4.98194909096
4.64370298386
4.57077407837
5.16173887253
4.75462913513
4.52310609818
4.73074483871
4.85899496078
5.93986392021
5.12479090691
4.77053499222
5.90898799896
4.53169608116
5.45474004745
4.90921115875
4.55052399635
5.3618350029
4.84858298302
4.90586781502
5.47647500038
4.7474861145
4.56768703461
4.77242612839
4.64529299736
