batch times pre normalized by hold_sec =,1.0
wer, 70.1834862385
cer, 57.5044292584
bs, 5
hold_idx, -1
cuda, False
avg batch time, 4.85995119095
50%-tile latency, 0.945123195648
99%-tile latency, 1.19513844395
through put, 1.05806312299
data
5.30257892609
4.66453385353
4.75705385208
5.07365107536
4.65147900581
4.50433707237
4.72561597824
4.54759120941
5.25511407852
4.84647011757
4.53604984283
4.69479489326
4.51150894165
4.54228401184
4.44297385216
4.65090799332
4.57125091553
5.23605513573
4.79881501198
4.51135396957
4.55266785622
4.51625990868
4.72433805466
4.54107499123
5.19079899788
4.8304579258
5.98245000839
4.86492300034
5.18852114677
4.87059092522
4.52538204193
4.94357299805
4.86367583275
5.30479192734
5.32348394394
4.8873860836
4.90030312538
4.65999007225
5.77017998695
5.47625899315
4.49988508224
4.83944296837
5.84699392319
4.9588239193
4.70040202141
4.58883213997
4.57909393311
4.62698507309
5.97331786156
5.04810905457
4.91066288948
4.65501594543
5.22878599167
5.51616096497
4.7004070282
5.0664191246
4.90448307991
4.67360687256
4.4696969986
5.74580717087
4.48020005226
4.55758500099
4.90357613564
5.09969305992
4.75594186783
4.38866615295
4.67383980751
4.51317000389
4.66682291031
4.47795987129
4.65013194084
4.5794980526
4.5616300106
4.89749884605
5.015666008
