batch times pre normalized by hold_sec =,1.0
wer, 69.5865132703
cer, 56.447040266
bs, 6
hold_idx, -1
cuda, False
avg batch time, 5.23291515986
50%-tile latency, 0.865045030912
99%-tile latency, 1.05783158541
through put, 1.15600918364
data
5.20071005821
5.24154686928
5.26791787148
6.28990221024
5.16572904587
4.72663593292
5.03076195717
4.96606016159
5.51065707207
5.68110394478
5.09893918037
4.73483204842
5.21765804291
5.07738089561
4.76756000519
5.25788998604
5.19027018547
4.95978283882
5.2346599102
4.79323506355
4.94111704826
5.25761294365
5.42739605904
5.25149202347
5.15633487701
5.24875497818
5.70228385925
5.48572897911
5.15004897118
5.24325299263
6.29709005356
5.80641889572
5.18027496338
5.14641189575
6.48901104927
5.23088097572
5.00465703011
4.88927388191
5.29222416878
5.63153910637
5.06041097641
4.83192300797
4.86655879021
5.11225414276
5.2164580822
5.01521706581
5.00602912903
4.83557200432
5.23384809494
4.94617891312
4.90850400925
5.25270390511
4.77065110207
5.19702982903
5.12240719795
4.83613491058
5.74445319176
4.95921111107
5.26372003555
5.17422604561
5.06464099884
4.79188704491
4.75289392471
6.17566895485
5.19451904297
4.98690795898
5.40260195732
4.89009189606
4.95606684685
5.25892996788
5.46062803268
5.41700100899
5.65432786942
5.96255397797
5.90138792992
