batch times pre normalized by hold_sec =,1.0
wer, 68.19897343
cer, 55.2174344015
bs, 9
hold_idx, -1
cuda, False
avg batch time, 6.09619120598
50%-tile latency, 0.665981875526
99%-tile latency, 0.792058349715
through put, 1.50154236436
data
6.52476096153
6.06121611595
5.95388889313
6.53695511818
6.16458201408
5.6865530014
5.71586990356
5.82975888252
5.83768677711
5.88110113144
5.81546783447
6.37023496628
5.85729289055
5.97897195816
6.43827605247
6.31170010567
7.24423289299
6.10930800438
5.93824315071
6.97860407829
6.46101403236
7.08787107468
5.89846086502
6.65034103394
6.59781908989
5.56571102142
5.58274507523
6.16009902954
5.76889896393
6.64711403847
6.6090118885
6.04152297974
6.05602192879
6.08991003036
5.99383687973
6.03038311005
6.2350871563
6.03423213959
6.71188020706
5.7016248703
6.52240109444
5.6029291153
6.25484418869
5.56806397438
5.55062699318
5.80046415329
5.81127810478
6.10903000832
5.78638291359
5.8620429039
5.91435718536
5.97452521324
5.79183387756
5.94825100899
6.17991900444
5.88284111023
5.74672198296
5.84964394569
6.66992878914
6.04654693604
5.60063719749
5.8155798912
5.76967000961
6.4464468956
6.91400885582
6.13956618309
5.90391612053
6.09357094765
6.71008419991
6.08741807938
5.93185806274
5.83541512489
6.32898402214
5.8432161808
5.76304602623
