batch times pre normalized by hold_sec =,1.0
wer, 71.68230563
cer, 58.8495714151
bs, 4
hold_idx, -1
cuda, False
avg batch time, 4.62167802493
50%-tile latency, 1.13826924562
99%-tile latency, 1.466213696
through put, 0.878526766707
data
5.18426895142
4.57124686241
4.33626580238
4.60133814812
4.30524587631
5.90792798996
5.22936105728
4.2553319931
4.47489190102
4.60383701324
4.46701002121
4.33002996445
4.55091190338
4.29585695267
4.603921175
4.28168201447
4.56760001183
4.30129384995
4.48197102547
4.88395905495
4.60295701027
5.8497209549
5.32789993286
4.36818981171
4.28097081184
5.6143219471
4.64288902283
4.69791007042
4.46565794945
4.31364107132
4.53656697273
5.57833385468
4.83808398247
4.64691400528
4.18221998215
4.57984280586
4.30158495903
5.45130705833
4.69008588791
4.29554200172
4.2955789566
4.48428797722
4.3325688839
4.63668894768
4.30746889114
4.52475404739
4.68801212311
4.62775802612
4.7095220089
4.33813786507
4.26280498505
4.5530769825
4.77833294868
4.54006195068
4.67204499245
4.58826398849
5.24609994888
4.84630584717
5.00031900406
4.65032887459
4.39192199707
4.29631900787
4.53784704208
4.60948419571
4.63901805878
4.62336206436
4.39559078217
4.29741692543
4.32434988022
4.32352185249
4.52237701416
4.7323319912
4.31858205795
4.33499407768
4.69772601128
