batch times pre normalized by hold_sec =,1.0
wer, 74.0271877655
cer, 60.0992215416
bs, 8
hold_idx, -1
cuda, False
avg batch time, 6.44807035446
50%-tile latency, 0.793694883585
99%-tile latency, 0.988948367834
through put, 1.25993000671
data
6.47271299362
6.10766196251
5.85744094849
7.80512881279
6.20889592171
6.10687398911
6.019272089
6.03501296043
5.987377882
5.89321994781
5.87729310989
5.92756199837
6.49144911766
7.46292686462
8.21458315849
6.86792206764
6.93359589577
6.23828196526
6.81198620796
6.43905091286
7.04745101929
6.88872981071
6.85396099091
6.34955906868
6.56649684906
5.87846016884
6.69936800003
6.65309405327
6.16154885292
6.26063680649
6.46463990211
6.10172510147
6.05837082863
6.00995206833
6.37016606331
5.88915610313
5.85333013535
5.87073493004
6.76383805275
6.53163790703
6.31947422028
6.17372989655
6.82264208794
7.73795294762
6.73470687866
5.89965415001
6.5536429882
6.7798678875
7.06609201431
6.11115407944
5.98750305176
5.9526848793
6.77354383469
6.63359284401
6.20201992989
7.0083129406
5.96415305138
5.87543082237
5.96465396881
5.8666741848
5.9874920845
6.61887001991
7.60415911674
6.18817090988
6.75347900391
6.16643500328
6.70383000374
6.40502500534
6.53576993942
6.10924577713
6.66246581078
7.40836787224
6.29227399826
6.14339494705
6.567704916
