batch times pre normalized by hold_sec =,1.0
wer, 74.3222135446
cer, 60.4726448689
bs, 12
hold_idx, -1
cuda, False
avg batch time, 7.73926553726
50%-tile latency, 0.645589907964
99%-tile latency, 0.765812066396
through put, 1.54897092979
data
7.85975790024
7.28147697449
7.77273607254
7.14145588875
7.72583889961
8.04651284218
7.32279706001
6.91339015961
7.5041821003
7.00751018524
7.57205891609
8.27368307114
7.19902205467
8.81374788284
7.61691403389
7.01786494255
7.96278595924
7.14443778992
8.42843484879
7.87914299965
7.1293618679
8.34862208366
7.8998799324
8.15310883522
7.41284489632
7.87017798424
8.24435806274
7.4381711483
7.87193703651
8.01142382622
9.03073191643
8.22068810463
9.041711092
8.28426790237
8.11033201218
6.9888818264
8.33898901939
8.35612607002
7.94094991684
7.44701099396
7.0628619194
7.3501470089
7.02910804749
8.04495501518
7.77270507812
7.13995695114
7.78962802887
7.02309083939
7.7422349453
8.22641181946
7.95481801033
7.59216690063
8.81606483459
6.94050121307
7.98140382767
6.96340918541
7.28651785851
7.14908909798
7.16007995605
7.19817495346
7.04147982597
8.58511686325
7.62779402733
8.14157390594
7.20918512344
9.31186699867
7.57764005661
6.91812705994
7.8157889843
8.02998900414
7.35668802261
8.09642910957
6.99266982079
7.74707889557
9.14683699608
