batch times pre normalized by hold_sec =,1.0
wer, 77.6306970509
cer, 63.9737511382
bs, 4
hold_idx, -1
cuda, False
avg batch time, 5.26184779803
50%-tile latency, 1.29940450191
99%-tile latency, 1.59674318552
through put, 0.769583296446
data
5.83042597771
5.22673106194
4.8697810173
4.7934281826
5.08707380295
5.24912500381
4.87505793571
5.29274392128
5.36330890656
5.36742806435
4.91179919243
5.21315908432
4.93920302391
4.97442889214
5.26566505432
5.82429885864
4.81800699234
4.98883008957
4.97784495354
5.42620897293
5.00942802429
5.17581486702
6.24530506134
5.38447594643
5.37092900276
5.37318921089
5.10930395126
5.01919794083
5.38435101509
4.96246385574
5.17186403275
6.32499790192
4.71875095367
4.93283605576
5.13116502762
4.75906014442
5.27299618721
5.14573192596
4.83411097527
4.91349315643
5.35741877556
5.31194806099
5.32291984558
5.17158985138
5.13365197182
4.75222802162
5.05335998535
5.2408311367
5.14317107201
4.8676700592
6.37071108818
5.19761800766
5.76622891426
5.37771010399
5.17698216438
4.93744397163
5.10516119003
5.34864091873
5.1137778759
5.18615102768
5.93021583557
5.35738015175
5.37383818626
4.88086414337
5.3427541256
6.2635641098
5.42681503296
5.34723496437
5.54326701164
6.43325591087
4.87475204468
5.10465216637
5.36139512062
5.41595697403
5.51341080666
