batch times pre normalized by hold_sec =,1.0
wer, 74.2591594828
cer, 60.4891222048
bs, 10
hold_idx, -1
cuda, False
avg batch time, 6.95297122637
50%-tile latency, 0.680753016472
99%-tile latency, 0.835242124557
through put, 1.46896154083
data
6.9901099205
7.54461503029
7.53612613678
7.00782299042
6.64478898048
6.39204096794
7.40072798729
7.34455299377
6.35321307182
6.80443692207
6.63286709785
6.58027410507
7.75512194633
7.45416116714
7.73272395134
6.50773000717
7.55642414093
6.78343009949
6.50274586678
7.17245817184
6.80753016472
6.59385108948
6.36041688919
7.12622904778
6.649736166
6.46878814697
6.29900717735
7.31499195099
7.35063791275
7.82140207291
6.49853205681
6.29920101166
6.47832202911
8.38668990135
7.31276798248
6.6646938324
6.47450900078
6.69603085518
8.34038090706
7.10040307045
6.67565083504
6.42534208298
6.36168408394
7.27236318588
7.30005812645
7.24281716347
7.37998795509
6.37570810318
7.10469603539
6.6175069809
6.45749306679
6.57292580605
7.09572815895
6.62921023369
7.37764906883
7.78531098366
6.30654501915
7.1491830349
6.81606984138
6.38268303871
7.33313298225
6.74944210052
6.41710019112
7.7092218399
6.64687800407
7.19278812408
7.22162485123
6.65707087517
6.35267305374
6.62803411484
6.94840502739
6.5683619976
7.53281998634
6.93636012077
7.50982308388
