batch times pre normalized by hold_sec =,1.0
wer, 76.0564984622
cer, 61.9359239443
bs, 6
hold_idx, -1
cuda, False
avg batch time, 5.94398013115
50%-tile latency, 0.990776697795
99%-tile latency, 1.18069633325
through put, 1.00930916343
data
5.98026394844
5.92670488358
5.95681881905
6.09179496765
6.06860399246
5.65043091774
7.13805294037
5.62325596809
5.63746380806
5.63898587227
6.01121997833
5.46173000336
6.0328578949
6.00912880898
6.09993696213
6.04464817047
5.29829287529
6.93204712868
5.50837492943
6.0146689415
6.88864612579
5.96824216843
5.83406805992
5.66982412338
5.97082996368
5.99027299881
5.47508192062
6.18690514565
6.20755290985
6.08752393723
6.48682594299
5.81683897972
5.84486699104
7.03232192993
5.49811005592
5.6754322052
5.7038769722
5.53372502327
6.13282203674
5.81160402298
6.16806411743
5.71561813354
6.14180088043
5.49526691437
7.02738595009
5.70094799995
5.99535512924
6.02504611015
5.49067807198
5.94253516197
6.00063586235
5.98897910118
6.09426784515
6.05038619041
5.88574910164
5.29448199272
5.37038111687
5.51025104523
7.06524896622
5.31827712059
5.51525688171
5.63313794136
5.76676702499
5.59785890579
5.94466018677
5.90893793106
6.02647995949
6.59158110619
5.73805093765
5.57409691811
6.36598396301
6.37326598167
5.64964699745
5.97183084488
5.91894412041
