batch times pre normalized by hold_sec =,1.0
wer, 82.5132743363
cer, 67.69544617
bs, 2
hold_idx, -1
cuda, False
avg batch time, 4.78259177208
50%-tile latency, 2.32914602757
99%-tile latency, 2.93321558952
through put, 0.429341908221
data
5.7250020504
4.23023200035
5.86017298698
4.64034295082
5.31666183472
5.04571700096
4.65785813332
4.35580205917
4.71201705933
4.53585910797
4.63955783844
4.32771897316
5.13154101372
4.8979279995
4.56305193901
5.76752781868
4.38743710518
4.54294204712
5.87225794792
4.83979296684
4.46873998642
5.21878194809
4.53770494461
4.64044904709
4.92295598984
5.06426095963
4.36327910423
4.5725338459
4.33279109001
4.55285191536
4.32913088799
4.68269205093
4.53699183464
4.80345702171
5.4227309227
4.89838600159
5.51371598244
4.83877491951
4.89590597153
4.83328199387
4.83741784096
4.37969017029
5.39379310608
4.81408786774
5.86438393593
5.25436115265
4.66964101791
4.93267297745
4.79453897476
5.25801706314
5.65620803833
4.47431516647
4.32004189491
4.5285089016
4.33165407181
4.65829205513
4.74851489067
4.71944999695
4.7756228447
4.50101804733
4.40605282784
4.39070391655
4.35437607765
4.63293814659
4.334015131
4.60274004936
4.37632012367
5.30290412903
4.44234085083
4.52137207985
4.77550315857
4.41530489922
4.39677906036
4.56954503059
4.78242015839
