batch times pre normalized by hold_sec =,1.0
wer, 74.3934486341
cer, 60.5899596922
bs, 11
hold_idx, -1
cuda, False
avg batch time, 7.42762492498
50%-tile latency, 0.665485013615
99%-tile latency, 0.798955859271
through put, 1.50266344026
data
8.66752791405
7.32033514977
6.71746492386
7.60084795952
7.66073203087
8.95526385307
7.33362007141
6.827283144
7.08255600929
6.99054288864
6.85171914101
7.38338685036
6.85892701149
8.22104883194
6.87057805061
7.38732600212
7.60593795776
7.91751503944
7.54506611824
8.51475787163
7.01532196999
8.33658385277
6.88825082779
7.17727804184
7.05070018768
7.80598282814
8.67424702644
7.17278885841
7.63858103752
7.9189209938
7.0446741581
7.31357479095
7.8398809433
6.85965490341
8.04920887947
7.73210406303
7.81848406792
7.50003099442
6.96514892578
8.02606916428
6.88243103027
7.563601017
6.98881602287
7.27177500725
6.90250110626
6.87229013443
7.66713213921
7.7751159668
7.72243905067
7.08275485039
7.09279108047
6.87417793274
7.99324393272
7.26899909973
7.01273202896
6.56956195831
7.45373702049
7.80586910248
8.72992682457
7.37612581253
6.88378715515
7.63255691528
7.76999306679
7.19685196877
6.80921196938
7.1831009388
7.14458107948
6.95270109177
6.95116305351
7.77903079987
7.25846385956
7.50243711472
7.69973301888
7.26073908806
7.00157380104
