batch times pre normalized by hold_sec =,1.0
wer, 99.8518318966
cer, 99.8081873707
bs, 10
hold_idx, -1
cuda, False
avg batch time, 0.197632754644
50%-tile latency, 0.0211012840271
99%-tile latency, 0.0233000268936
through put, 47.3904810113
data
0.237921953201
0.217242002487
0.216377019882
0.216820955276
0.214910030365
0.215569019318
0.215705871582
0.213670969009
0.215934991837
0.215461969376
0.215284824371
0.215219020844
0.214970111847
0.215003013611
0.215198993683
0.21484208107
0.215306043625
0.216090917587
0.216672182083
0.216834068298
0.21703004837
0.214660167694
0.211453914642
0.21163892746
0.210924863815
0.210977077484
0.211121797562
0.21067404747
0.210910081863
0.211282014847
0.211349964142
0.210031032562
0.210498094559
0.211622953415
0.210630893707
0.170468091965
0.154896020889
0.154952049255
0.154934883118
0.155212879181
0.154853105545
0.155604124069
0.155334949493
0.155123949051
0.154879808426
0.15495800972
0.154987096786
0.219301939011
0.231271028519
0.225414991379
0.212606906891
0.210881948471
0.21120595932
0.211370944977
0.210572004318
0.210626840591
0.211012840271
0.211293935776
0.210834980011
0.211016178131
0.211131095886
0.210593938828
0.209583997726
0.210678100586
0.210767030716
0.201986074448
0.154855966568
0.154995918274
0.154954910278
0.155000925064
0.154902935028
0.154957056046
0.154807090759
0.154914140701
0.154870033264
