batch times pre normalized by hold_sec =,1.0
wer, 99.806356077
cer, 99.7932342847
bs, 6
hold_idx, -1
cuda, False
avg batch time, 0.159215319951
50%-tile latency, 0.0291086832682
99%-tile latency, 0.0322464203835
through put, 34.3540101345
data
0.193989992142
0.17541217804
0.174488067627
0.17489695549
0.174880027771
0.175258874893
0.17382311821
0.17401599884
0.174652099609
0.182490825653
0.184554815292
0.186881065369
0.18389582634
0.181785821915
0.182467937469
0.182043075562
0.181931972504
0.181609153748
0.181431055069
0.181864976883
0.181453943253
0.183406829834
0.183928012848
0.184048891068
0.183945178986
0.183791875839
0.183824062347
0.184231042862
0.180172204971
0.167335987091
0.128313064575
0.128384113312
0.128206968307
0.12818813324
0.128289937973
0.128129005432
0.128328800201
0.128047943115
0.128104925156
0.128166913986
0.128138780594
0.128173828125
0.12815284729
0.1320707798
0.151247024536
0.180647134781
0.180997848511
0.184298992157
0.137063026428
0.135103940964
0.131972074509
0.128703832626
0.128322124481
0.128255844116
0.128165006638
0.128201007843
0.128201961517
0.128206968307
0.128185987473
0.128206014633
0.128178119659
0.128154993057
0.128071069717
0.128165006638
0.128139972687
0.156220912933
0.182637214661
0.182272911072
0.192931890488
0.193298816681
0.193182229996
0.186822891235
0.184799194336
0.17782998085
0.177457094193
