batch times pre normalized by hold_sec =,1.0
wer, 99.8339371981
cer, 99.8045851683
bs, 9
hold_idx, -1
cuda, False
avg batch time, 0.1996718057
50%-tile latency, 0.0232569906447
99%-tile latency, 0.0246324570974
through put, 42.9978244081
data
0.223237991333
0.202273845673
0.207631111145
0.207139968872
0.207866191864
0.206856966019
0.206520080566
0.209117889404
0.208427906036
0.220818042755
0.221148967743
0.22061085701
0.22091794014
0.220726013184
0.220614910126
0.220336914062
0.22084403038
0.210033178329
0.209312915802
0.207180976868
0.211649894714
0.21003985405
0.201678037643
0.148483037949
0.149832010269
0.148930072784
0.149994134903
0.148722887039
0.148712873459
0.148710012436
0.148573160172
0.148926019669
0.14915895462
0.149773836136
0.148672103882
0.190217971802
0.209243774414
0.210551023483
0.210492134094
0.209440946579
0.205090045929
0.20484995842
0.209909915924
0.208332061768
0.208571910858
0.20952796936
0.209429979324
0.209221124649
0.209197044373
0.209214925766
0.209755897522
0.219213008881
0.210761070251
0.211310148239
0.211292028427
0.211785793304
0.211136817932
0.211192846298
0.211504936218
0.210259914398
0.203292131424
0.203297138214
0.203191995621
0.202700138092
0.201524019241
0.21208691597
0.212080001831
0.21076798439
0.210718154907
0.209949970245
0.210328102112
0.210554838181
0.210266113281
0.210933923721
0.148717164993
