batch times pre normalized by hold_sec =,1.0
wer, 99.8411049319
cer, 99.8053316233
bs, 11
hold_idx, -1
cuda, False
avg batch time, 0.197320728302
50%-tile latency, 0.0194835446098
99%-tile latency, 0.0221491189436
through put, 51.3253630194
data
0.266003131866
0.161718845367
0.160880088806
0.212702035904
0.226927042007
0.228198051453
0.228067874908
0.207286119461
0.161179065704
0.161570072174
0.161247968674
0.161199092865
0.161297798157
0.161942005157
0.161149024963
0.160773038864
0.16096997261
0.161224126816
0.162252902985
0.193928956985
0.227640151978
0.234970092773
0.229803085327
0.230294942856
0.230805158615
0.23011803627
0.231487989426
0.23010802269
0.230260133743
0.230320930481
0.231270074844
0.23045706749
0.229283809662
0.226227998734
0.235783100128
0.229134082794
0.226880788803
0.223487138748
0.22142791748
0.2214179039
0.222161054611
0.221292972565
0.220855951309
0.220911979675
0.221635103226
0.22355389595
0.228813171387
0.23407292366
0.235238075256
0.214318990707
0.160778999329
0.162328004837
0.160831928253
0.160953998566
0.161011219025
0.160847902298
0.160669803619
0.160619974136
0.162362098694
0.160776853561
0.162383079529
0.232724905014
0.221011161804
0.222131967545
0.222404003143
0.196957111359
0.160439968109
0.160549879074
0.160670995712
0.160775184631
0.160649061203
0.160734891891
0.160732030869
0.160539865494
0.160619974136
