batch times pre normalized by hold_sec =,1.0
wer, 99.8491957105
cer, 99.8241703036
bs, 4
hold_idx, -1
cuda, False
avg batch time, 0.133109750748
50%-tile latency, 0.0286037921906
99%-tile latency, 0.0437719893456
through put, 34.9603994232
data
0.183982133865
0.166044950485
0.16374206543
0.164033174515
0.163681030273
0.163959026337
0.163407087326
0.164093971252
0.164531946182
0.163807153702
0.165209054947
0.171834945679
0.171588897705
0.166221141815
0.114262104034
0.114300012589
0.114269018173
0.114217996597
0.114612817764
0.114442110062
0.114318847656
0.114415168762
0.114286899567
0.114326953888
0.114448070526
0.114362955093
0.114300012589
0.114542961121
0.114488840103
0.114306926727
0.162823915482
0.157845020294
0.157191991806
0.156929969788
0.167609930038
0.164792060852
0.163963079453
0.124425888062
0.114396095276
0.114197015762
0.11420083046
0.114262104034
0.114245891571
0.114306926727
0.114342212677
0.114278078079
0.114341974258
0.114259958267
0.114217996597
0.114236116409
0.114254951477
0.114335775375
0.114247083664
0.143947124481
0.163336992264
0.162592887878
0.161995172501
0.158797979355
0.171962976456
0.16961479187
0.114408969879
0.114373922348
0.114202022552
0.114430904388
0.114339113235
0.114269018173
0.114391803741
0.114189147949
0.114201068878
0.114385128021
0.114392995834
0.114562034607
0.114454030991
0.114407062531
0.114233016968
