batch times pre normalized by hold_sec =,1.0
wer, 99.8391544118
cer, 99.8161607525
bs, 3
hold_idx, -1
cuda, False
avg batch time, 0.130672076543
50%-tile latency, 0.040359656016
99%-tile latency, 0.054692902565
through put, 24.7772181111
data
0.173504114151
0.159235954285
0.155825853348
0.156268119812
0.156502962112
0.156577110291
0.156131029129
0.156642913818
0.15632390976
0.156404972076
0.156608819962
0.156406879425
0.153237104416
0.150728940964
0.149442911148
0.156460046768
0.159061908722
0.157596111298
0.152720928192
0.148499011993
0.121078968048
0.107764005661
0.107792139053
0.10777592659
0.107829093933
0.107873916626
0.108080148697
0.107813835144
0.107953071594
0.107778787613
0.107762098312
0.10783290863
0.107899188995
0.107814073563
0.107750892639
0.121493816376
0.155575037003
0.1607670784
0.154909133911
0.157704114914
0.157641172409
0.155172109604
0.156924009323
0.156703948975
0.110239982605
0.10780620575
0.107882976532
0.107851028442
0.109746932983
0.109956026077
0.107898950577
0.107932090759
0.108013153076
0.107902050018
0.10795211792
0.107837915421
0.1078748703
0.107991933823
0.107867002487
0.127914905548
0.157029867172
0.155055999756
0.153455018997
0.150214910507
0.153491020203
0.153510808945
0.129647016525
0.107929944992
0.107974052429
0.107960939407
0.107925891876
0.107923984528
0.107852935791
0.107914209366
0.107981920242
