batch times pre normalized by hold_sec =,1.0
wer, 99.854959277
cer, 99.8172495536
bs, 12
hold_idx, -1
cuda, False
avg batch time, 0.219149875641
50%-tile latency, 0.0192980766296
99%-tile latency, 0.0205456757545
through put, 51.8186355662
data
0.261874914169
0.240235090256
0.239306926727
0.238517999649
0.237349033356
0.237015962601
0.237658977509
0.237133979797
0.2366938591
0.23703289032
0.236687898636
0.237092971802
0.236666917801
0.237550020218
0.237570047379
0.241163015366
0.241059064865
0.241151094437
0.2107899189
0.232283115387
0.230618000031
0.230792999268
0.231276035309
0.230650901794
0.231111049652
0.230862855911
0.231523990631
0.231198072433
0.23134303093
0.230170965195
0.23184299469
0.234875917435
0.233839988708
0.234184026718
0.234786987305
0.234275817871
0.234352111816
0.234503030777
0.234297990799
0.236207962036
0.234745979309
0.231411933899
0.179198980331
0.176255941391
0.231961965561
0.231622934341
0.232117891312
0.231626987457
0.231523990631
0.231576919556
0.231651067734
0.231297969818
0.230319023132
0.231126070023
0.230008840561
0.170819997787
0.168810129166
0.168098926544
0.168102025986
0.167818069458
0.168098926544
0.16784286499
0.167716026306
0.167889118195
0.16811299324
0.168245077133
0.167908191681
0.167917013168
0.218313217163
0.233322143555
0.230230093002
0.23209810257
0.225389003754
0.167717933655
0.16779589653
