batch times pre normalized by hold_sec =,1.0
wer, 94.2873854553
cer, 93.8317142648
bs, 7
hold_idx, -1
cuda, False
avg batch time, 0.524359251658
50%-tile latency, 0.0760642801012
99%-tile latency, 0.0907727173397
through put, 13.1467753152
data
0.657632112503
0.615424156189
0.612611055374
0.612312078476
0.622080087662
0.625025987625
0.623943090439
0.624275922775
0.624253988266
0.615567922592
0.617027997971
0.624034166336
0.624045133591
0.624359130859
0.627600908279
0.532238006592
0.440341234207
0.440440893173
0.440408945084
0.481215000153
0.61661696434
0.532449960709
0.440149068832
0.440443992615
0.440095901489
0.46363902092
0.607830047607
0.54519200325
0.439018011093
0.440593957901
0.432871103287
0.447952985764
0.593636035919
0.556246995926
0.440099954605
0.439875841141
0.440855979919
0.442205190659
0.58899307251
0.596405029297
0.440061092377
0.439834833145
0.439998865128
0.442171096802
0.599802970886
0.569499015808
0.440983057022
0.434219837189
0.44078207016
0.44043803215
0.593117952347
0.572311878204
0.439969062805
0.440233945847
0.440849065781
0.44025683403
0.604073047638
0.622980117798
0.609536886215
0.60901594162
0.608448028564
0.608294010162
0.533107995987
0.439996957779
0.441439151764
0.442414045334
0.457017183304
0.622476100922
0.567676067352
0.432772874832
0.433729887009
0.440492153168
0.439529895782
0.589423894882
0.579981088638
