batch times pre normalized by hold_sec =,1.0
wer, 94.4298895091
cer, 93.8460554644
bs, 6
hold_idx, -1
cuda, False
avg batch time, 0.49924861908
50%-tile latency, 0.0860124826431
99%-tile latency, 0.103921786944
through put, 11.6262194657
data
0.630744934082
0.589432954788
0.580729961395
0.549405097961
0.406899213791
0.508176803589
0.40672492981
0.406923055649
0.557986021042
0.582583904266
0.584573984146
0.583709001541
0.58397102356
0.583824872971
0.585890054703
0.585452795029
0.584469795227
0.583575963974
0.589861154556
0.594040870667
0.601084947586
0.584808111191
0.584481954575
0.582682132721
0.620995998383
0.459312915802
0.407302856445
0.407310962677
0.407168865204
0.416794061661
0.55632185936
0.564991950989
0.407025814056
0.407088041306
0.407372951508
0.406998872757
0.529788017273
0.586479902267
0.46311712265
0.406517028809
0.406683921814
0.40650510788
0.413127183914
0.552952051163
0.554212093353
0.406521081924
0.406466960907
0.406624078751
0.406448841095
0.489926099777
0.602073907852
0.586614847183
0.406934022903
0.407072067261
0.406941890717
0.438315153122
0.557363986969
0.537706136703
0.406327962875
0.406590938568
0.406436920166
0.406383991241
0.516074895859
0.588889837265
0.44575381279
0.406722068787
0.406471014023
0.406964063644
0.40966296196
0.561423063278
0.571681976318
0.40679693222
0.614185094833
0.614576816559
0.589593887329
