batch times pre normalized by hold_sec =,1.0
wer, 94.255736715
cer, 93.8260241578
bs, 9
hold_idx, -1
cuda, False
avg batch time, 0.624648675919
50%-tile latency, 0.0741892125871
99%-tile latency, 0.0804791561762
through put, 13.4790485723
data
0.730022907257
0.673892974854
0.632802009583
0.681818008423
0.681354999542
0.687400817871
0.693046092987
0.507386207581
0.681691884995
0.679881095886
0.708811044693
0.607977867126
0.675690889359
0.674602031708
0.673234939575
0.674804925919
0.524472236633
0.480861902237
0.480983972549
0.48139500618
0.680880069733
0.608107805252
0.480579137802
0.480129957199
0.470519065857
0.618666887283
0.670812129974
0.67035484314
0.668339967728
0.677284002304
0.67637014389
0.572598934174
0.68291592598
0.679682016373
0.674433946609
0.682959079742
0.670763969421
0.678194046021
0.679253101349
0.704511165619
0.509119987488
0.72162604332
0.722306013107
0.661705970764
0.66609120369
0.65344285965
0.643654108047
0.654000043869
0.667702913284
0.670923948288
0.675053834915
0.672094106674
0.66526222229
0.661625146866
0.632149934769
0.658169031143
0.662905931473
0.6778819561
0.682647943497
0.669242858887
0.59988117218
0.676782131195
0.62158703804
0.480997085571
0.480195045471
0.480282068253
0.552858829498
0.676831007004
0.496104001999
0.480208158493
0.480531930923
0.471036195755
0.632838010788
0.648890018463
0.482533931732
