batch times pre normalized by hold_sec =,1.0
wer, 94.4424778761
cer, 93.7417741511
bs, 2
hold_idx, -1
cuda, False
avg batch time, 0.410875199636
50%-tile latency, 0.205597996712
99%-tile latency, 0.249240801334
through put, 4.86386062118
data
0.50786113739
0.485461950302
0.483310937881
0.486553907394
0.487143039703
0.399682998657
0.328338861465
0.328310966492
0.328176021576
0.328468084335
0.328585147858
0.42703795433
0.485260009766
0.43420290947
0.328428030014
0.328382015228
0.328387022018
0.328391075134
0.328362226486
0.40349984169
0.479575157166
0.495035886765
0.328598022461
0.328721046448
0.328706026077
0.329116106033
0.328799962997
0.392840862274
0.484413146973
0.337736845016
0.356265068054
0.328855037689
0.328720808029
0.328849077225
0.32879781723
0.32878613472
0.482927083969
0.486191034317
0.365196943283
0.329107999802
0.462773084641
0.461869001389
0.401242017746
0.466505050659
0.494417905807
0.37113404274
0.331085920334
0.330806970596
0.490120887756
0.490880966187
0.484997987747
0.495186090469
0.359462022781
0.329314947128
0.329265832901
0.329269886017
0.329248905182
0.32909989357
0.442596197128
0.485404968262
0.411195993423
0.484358072281
0.483274936676
0.483231067657
0.484171152115
0.489707946777
0.48251080513
0.489917993546
0.489572048187
0.490717172623
0.48951292038
0.487865924835
0.484998941422
0.484218120575
0.484620094299
