batch times pre normalized by hold_sec =,1.0
wer, 94.4215106549
cer, 93.9441723493
bs, 12
hold_idx, -1
cuda, False
avg batch time, 0.670575997035
50%-tile latency, 0.0583879947662
99%-tile latency, 0.0684356387456
through put, 17.1268084133
data
0.678906917572
0.542317867279
0.569180965424
0.748896837234
0.568945169449
0.546085119247
0.674567937851
0.695626974106
0.747611999512
0.549489021301
0.549539089203
0.549097061157
0.771751880646
0.76162981987
0.76761507988
0.766922950745
0.778591871262
0.60941195488
0.546323060989
0.776645898819
0.817210912704
0.685619115829
0.545610904694
0.545650005341
0.544926166534
0.772788047791
0.777648925781
0.778093099594
0.77751493454
0.762516021729
0.778386116028
0.776109218597
0.771030902863
0.770861148834
0.545458078384
0.545446872711
0.545490026474
0.726711988449
0.700655937195
0.545428037643
0.534156084061
0.535669088364
0.748232126236
0.669467926025
0.544754981995
0.545047998428
0.554932832718
0.767350196838
0.616701841354
0.534420013428
0.545029163361
0.573688030243
0.768618822098
0.563174009323
0.53580904007
0.545799016953
0.583822965622
0.74852180481
0.765506982803
0.770886898041
0.764041185379
0.758431911469
0.774150848389
0.776483058929
0.769094944
0.744588136673
0.758984088898
0.754643201828
0.768130064011
0.734362840652
0.546564817429
0.832659959793
0.792503118515
0.616693973541
0.537963867188
