batch times pre normalized by hold_sec =,1.0
wer, 94.2820581897
cer, 93.8569481601
bs, 10
hold_idx, -1
cuda, False
avg batch time, 0.641769450506
50%-tile latency, 0.0677780866623
99%-tile latency, 0.0734004979134
through put, 14.7540311219
data
0.714877128601
0.679342985153
0.673274993896
0.680857181549
0.673404932022
0.676010131836
0.675294876099
0.677810907364
0.674640893936
0.674518108368
0.673666954041
0.721788883209
0.56377196312
0.491270065308
0.491588830948
0.735729932785
0.733398914337
0.676007032394
0.673032999039
0.651906013489
0.68678689003
0.688628196716
0.681967973709
0.682497024536
0.684942007065
0.681686162949
0.681387901306
0.681169986725
0.682288169861
0.681426048279
0.551961898804
0.489113092422
0.490298986435
0.490396976471
0.675617933273
0.679489850998
0.693058013916
0.691877841949
0.689003944397
0.693146944046
0.671717882156
0.672575950623
0.6665558815
0.677780866623
0.550572872162
0.698329925537
0.698162078857
0.686258077621
0.697448015213
0.490995883942
0.49022603035
0.491155862808
0.566331863403
0.695476055145
0.687783002853
0.656383991241
0.491408824921
0.629348039627
0.688154935837
0.491956949234
0.491757154465
0.490535974503
0.530118942261
0.683271884918
0.55545592308
0.6939868927
0.694386005402
0.694566011429
0.727262973785
0.667479991913
0.675928115845
0.681940793991
0.698226928711
0.686788797379
0.573439836502
