batch times pre normalized by hold_sec =,1.0
wer, 94.5493793848
cer, 93.9407744875
bs, 5
hold_idx, -1
cuda, False
avg batch time, 0.487736148834
50%-tile latency, 0.106970405579
99%-tile latency, 0.113535360336
through put, 9.34837999904
data
0.566652059555
0.536836862564
0.532186031342
0.54771399498
0.551062107086
0.525834083557
0.558146953583
0.557933092117
0.557656049728
0.551048994064
0.568075180054
0.558487892151
0.546596050262
0.564125061035
0.537760972977
0.539456129074
0.387907981873
0.388312101364
0.38822889328
0.387676954269
0.430200099945
0.540972948074
0.541515827179
0.535816907883
0.536775112152
0.53651714325
0.551886081696
0.56077003479
0.4187707901
0.388074159622
0.387720108032
0.388017892838
0.387847900391
0.502025127411
0.552227973938
0.387839078903
0.387753009796
0.387857198715
0.387779951096
0.38751912117
0.53125
0.567536830902
0.534852027893
0.534363031387
0.535845994949
0.535841941833
0.537729978561
0.554814815521
0.388123035431
0.387895107269
0.388065099716
0.387833118439
0.509999990463
0.558109998703
0.4259121418
0.387661933899
0.387744188309
0.38828587532
0.387962818146
0.521423101425
0.560911893845
0.559803009033
0.558548927307
0.410355091095
0.388268947601
0.536741018295
0.547705173492
0.547577142715
0.547105073929
0.546547889709
0.529607057571
0.561262845993
0.506404876709
0.389077186584
0.389460086823
