batch times pre normalized by hold_sec =,1.0
wer, 83.5060940882
cer, 68.712297231
bs, 6
hold_idx, -1
cuda, False
avg batch time, 6.38079603513
50%-tile latency, 1.03577168783
99%-tile latency, 1.31735002836
through put, 0.965463732745
data
6.59851098061
5.96335911751
6.12350797653
6.07826519012
6.73072099686
6.19246697426
7.34435200691
6.20374703407
6.13327383995
6.1516661644
6.03578996658
5.98844003677
6.02247405052
6.66562795639
6.67873716354
7.77901387215
5.89303898811
5.89703989029
5.79554104805
5.85569596291
5.95247507095
5.84649419785
6.6751101017
6.76049304008
6.53643202782
6.49585604668
6.2268409729
6.37527394295
6.00430011749
5.96647810936
7.70806002617
6.10295891762
6.15472817421
6.18539810181
7.95239710808
6.41359496117
6.23452687263
6.21463012695
6.99229097366
5.86968302727
6.8250079155
6.70321202278
6.46452188492
7.88713097572
6.7357749939
6.24348497391
6.55608391762
6.11868810654
6.03053617477
6.85035395622
6.17720007896
6.87869310379
6.37852597237
6.22294592857
6.88434100151
5.90241909027
5.82825708389
5.85616183281
5.92344784737
6.83361983299
6.27072715759
6.54082894325
6.31587004662
6.18238997459
6.73909592628
5.86118197441
6.64555191994
6.09664797783
6.34965109825
7.35516881943
6.08409690857
6.00554609299
6.04071211815
5.98321580887
5.98932003975
