batch times pre normalized by hold_sec =,1.0
wer, 81.3420521909
cer, 66.9968395016
bs, 11
hold_idx, -1
cuda, False
avg batch time, 8.06995873769
50%-tile latency, 0.717418193817
99%-tile latency, 0.892041016492
through put, 1.39388714786
data
8.32154488564
8.88213300705
8.79856801033
7.98108291626
8.30225801468
7.53850412369
7.78683614731
8.06017398834
7.51357793808
7.56526398659
7.43078279495
8.5705769062
8.07614302635
7.6579978466
7.67153501511
7.71627116203
8.5671980381
7.66801381111
8.00831508636
7.65285801888
7.67424702644
8.10051703453
7.61266303062
8.57872390747
7.83210992813
9.64919900894
7.89160013199
7.57265281677
7.65060210228
7.60226988792
7.63369297981
10.27709198
8.37406802177
7.54768204689
8.09150481224
8.50063896179
8.5506401062
8.50713992119
8.53198480606
7.84213685989
8.20997905731
7.69161987305
7.76916193962
8.35736894608
9.18708610535
7.68959879875
7.5780749321
8.02334594727
8.19451999664
9.39518785477
7.56291604042
8.24210190773
8.09505605698
7.54808998108
7.70865082741
7.57542705536
8.60184597969
7.58907294273
8.93201804161
7.99502015114
8.35246515274
7.57029485703
7.8900179863
7.81652212143
7.65419316292
8.63127803802
8.05697584152
7.58748412132
7.8224298954
8.83484697342
8.89785504341
7.50687384605
7.49863290787
8.07519984245
7.31489300728
