batch times pre normalized by hold_sec =,1.0
wer, 90.3008849558
cer, 74.374835483
bs, 2
hold_idx, -1
cuda, False
avg batch time, 5.30201671918
50%-tile latency, 2.61515903473
99%-tile latency, 3.21150647402
through put, 0.382385922508
data
5.5188331604
5.47272992134
5.42247509956
5.58465504646
5.09545302391
5.14684891701
5.3575899601
4.90640282631
5.16031599045
4.80154299736
5.18032193184
5.82696986198
4.9510819912
5.44763708115
5.03108811378
5.23031806946
4.79975700378
5.00782680511
5.14135098457
4.80254602432
5.08011698723
5.04698300362
5.486577034
5.62717819214
5.08243513107
6.08944296837
5.43928599358
5.92147803307
5.30181694031
4.90851306915
5.16201591492
4.81156206131
4.82928991318
5.07835793495
5.26767492294
5.66505599022
5.13834404945
5.99875998497
6.1389632225
5.42703199387
5.44996714592
5.4614379406
4.96380496025
6.47384500504
5.17403912544
5.4271569252
6.40515303612
5.77645611763
5.4060177803
5.50591611862
5.01665592194
5.371571064
5.4758181572
5.51613712311
4.8635430336
6.04466819763
5.40843605995
5.11258506775
4.98974895477
5.68802380562
5.40643811226
4.80849814415
5.03332090378
5.42203593254
4.8865609169
5.46480298042
5.21994709969
4.94549798965
4.87901520729
5.19818210602
4.83466601372
5.00859189034
5.23651790619
5.47726202011
4.912307024
