batch times pre normalized by hold_sec =,1.0
wer, 82.5307077403
cer, 67.7233218903
bs, 7
hold_idx, -1
cuda, False
avg batch time, 6.70710818926
50%-tile latency, 0.932098014014
99%-tile latency, 1.15586951596
through put, 1.072848547
data
6.77134680748
7.04014587402
6.49391794205
6.40949106216
6.25356292725
6.28024196625
7.06747794151
6.51124978065
6.49469709396
6.33625507355
7.22462320328
6.65537190437
6.4999229908
6.34850811958
7.41528987885
6.61605000496
6.44069504738
7.31158304214
7.56327104568
6.25720310211
6.1456091404
6.83461594582
7.15414023399
6.345911026
6.20106506348
7.1242120266
6.77316379547
6.50825214386
7.20899200439
6.84883904457
6.56126403809
6.35038900375
6.65353298187
7.03381109238
6.45153403282
6.3598780632
6.34537601471
6.10223579407
6.87842416763
7.93618297577
6.15429496765
7.04082107544
6.50687003136
7.05489897728
6.20935893059
7.10663580894
6.7167069912
6.42011404037
6.18252801895
6.10892987251
7.1382060051
8.22614693642
6.91585588455
6.46197795868
6.73588514328
7.26959109306
6.76126885414
6.5246860981
6.19513988495
6.15073108673
6.80033111572
7.53720402718
8.04363298416
6.42492699623
7.99525690079
6.74538588524
6.48127698898
6.33959913254
6.25687599182
6.21441197395
6.96105003357
6.54357409477
6.36989617348
6.40874195099
6.22196888924
