batch times pre normalized by hold_sec =,1.0
wer, 87.8446691176
cer, 72.7704147071
bs, 3
hold_idx, -1
cuda, False
avg batch time, 5.51509720167
50%-tile latency, 1.80822038651
99%-tile latency, 2.19429321766
through put, 0.553029933443
data
5.63711595535
5.47213101387
5.27694702148
5.8269610405
5.79291319847
6.3165538311
5.69964194298
5.79833698273
5.18355703354
5.40676498413
5.6875679493
5.07883000374
5.99772596359
5.14794015884
5.38896584511
6.05288410187
5.42086195946
5.70990085602
5.71780180931
5.74403786659
5.78449392319
5.02259683609
5.5661740303
5.33066082001
5.83790111542
5.56489300728
5.20210194588
5.43922710419
5.38134884834
5.74547100067
5.76287007332
5.07950210571
5.26350092888
5.36189389229
6.47371602058
5.72262597084
5.76183605194
5.68446183205
5.3330950737
5.31592297554
5.40858507156
5.20237493515
5.85594892502
5.10941410065
5.41366505623
5.40675997734
5.07808303833
5.1531188488
5.38163995743
5.72073197365
5.13434195518
5.10465288162
5.78025603294
5.41252493858
5.74106907845
5.12694215775
5.15055513382
5.42466115952
5.44106984138
5.2275428772
5.02562189102
5.4454741478
6.1669728756
5.5841858387
5.95394802094
5.55835413933
5.91977906227
5.38025283813
5.09611201286
5.35253000259
6.89357614517
5.47412896156
5.31709909439
4.99352407455
5.20506000519
