batch times pre normalized by hold_sec =,1.0
wer, 89.855161034
cer, 74.9519054599
bs, 11
hold_idx, -1
cuda, False
avg batch time, 8.99409280777
50%-tile latency, 0.792287631468
99%-tile latency, 0.961359965151
through put, 1.2621678798
data
9.91300201416
9.89164495468
8.65285992622
9.66390895844
10.0658340454
8.77672100067
8.58839201927
8.58374786377
8.65373110771
9.58167290688
8.58640408516
8.55904388428
8.68810200691
9.50882697105
8.53228497505
8.6630730629
9.39006090164
8.64844107628
8.58063602448
8.4608438015
9.60510587692
8.62153983116
9.00840091705
9.62397313118
8.54079198837
8.71516394615
9.08666181564
8.55528092384
8.59078192711
8.48222708702
9.46808099747
8.54591202736
9.49498486519
8.5957968235
8.78151798248
10.6113688946
8.76404190063
9.56208896637
10.4291579723
8.52654218674
8.49487304688
8.52062606812
9.53099393845
9.26275801659
9.08339500427
8.9111289978
9.0359711647
8.90252399445
8.38672399521
8.68780493736
9.20879888535
9.53243780136
8.85399603844
8.80633807182
9.87566399574
9.69897198677
8.57592201233
9.30594587326
8.61779713631
9.03618097305
8.62411904335
8.56018400192
8.63083100319
8.5047750473
8.66493701935
8.63782715797
8.39371395111
8.7178068161
10.5621671677
8.40147805214
8.55685997009
8.655397892
9.56218600273
9.56633996964
8.59083390236
