batch times pre normalized by hold_sec =,1.0
wer, 91.8510523475
cer, 76.9324221716
bs, 5
hold_idx, -1
cuda, False
avg batch time, 6.75149881681
50%-tile latency, 1.32164459229
99%-tile latency, 1.61255821705
through put, 0.756633065983
data
6.71115899086
7.05331015587
6.59455180168
7.26758313179
7.02019190788
6.97987103462
6.29367089272
6.40087103844
7.02877116203
7.11463689804
6.35591197014
6.18349194527
6.297935009
6.68964290619
6.77606201172
6.37719607353
6.38755393028
6.33851909637
6.1790869236
6.16873407364
7.09843420982
6.49889087677
6.46699285507
7.28191304207
7.10934591293
6.45416688919
7.16629004478
8.25210285187
6.23025202751
6.27716588974
7.33146595955
7.1262319088
6.90845513344
7.18608689308
6.46874809265
6.47395801544
7.33638286591
7.10402393341
7.23274803162
6.38397717476
6.91103506088
6.60822296143
7.13113880157
6.89512205124
6.49253606796
6.50859594345
6.52540183067
6.19719290733
7.29237389565
6.71228218079
6.45418691635
6.34491801262
6.18427705765
6.13418793678
6.3181540966
6.93306016922
7.2236430645
6.14272809029
6.35455393791
7.04673790932
6.4991838932
7.07931995392
6.9752471447
7.20206999779
6.51962590218
7.29708695412
6.46695780754
6.49356389046
7.16541218758
7.99627614021
6.42460799217
7.30625796318
7.01937294006
6.44203686714
6.45865917206
