batch times pre normalized by hold_sec =,1.0
wer, 96.5762867647
cer, 80.6156477127
bs, 3
hold_idx, -1
cuda, False
avg batch time, 6.07375640551
50%-tile latency, 1.97752602895
99%-tile latency, 2.2977681907
through put, 0.505682345193
data
6.52666115761
6.03946590424
5.93452191353
6.88195014
5.95573711395
5.90211105347
5.91264605522
5.91610097885
5.88770604134
5.86486101151
5.93257808685
5.88669300079
6.39825105667
5.92238092422
5.97318601608
6.39056682587
5.95089483261
5.9399330616
5.89425992966
5.79792499542
6.46585392952
5.80146503448
6.20380687714
5.80166506767
6.48885893822
6.28645706177
6.43966603279
5.86180901527
5.95893192291
6.55948209763
5.93170690536
6.08764886856
5.93674993515
5.60891985893
5.76529383659
6.52563381195
6.49881887436
6.06555986404
5.90330600739
6.61423587799
5.84684586525
5.83663487434
5.94117498398
5.934030056
6.22222185135
6.92562103271
5.84460687637
5.85438203812
6.3487200737
6.41381192207
5.65391612053
5.86797118187
5.86634993553
5.90289592743
6.58813714981
6.58179187775
5.57031178474
5.89934110641
6.3730609417
6.46343183517
5.64494609833
5.65524506569
6.43626713753
5.79103112221
5.82741999626
5.89321494102
5.91813898087
5.95331120491
5.92585897446
6.64481520653
5.9042930603
5.88925504684
5.87621998787
5.88124513626
6.64091110229
