batch times pre normalized by hold_sec =,1.0
wer, 92.3567604511
cer, 76.959478183
bs, 6
hold_idx, -1
cuda, False
avg batch time, 7.16048496246
50%-tile latency, 1.1824341615
99%-tile latency, 1.38162737528
through put, 0.845713049028
data
7.93397092819
7.08407402039
7.53166699409
7.01054883003
6.6688580513
8.25896596909
7.61705994606
7.09460496902
7.52443504333
7.97662115097
6.66695404053
7.42873597145
7.69596409798
7.82344794273
6.60278010368
7.50997400284
6.83148813248
6.62578701973
7.72549080849
6.84176301956
6.5793800354
7.45348215103
7.4215259552
7.35592603683
8.37742090225
7.04551100731
7.78254199028
7.17347717285
6.7782869339
6.48482203484
7.32256197929
6.78737306595
6.58254909515
8.14771986008
6.69095420837
7.42491698265
6.76750779152
6.6673181057
7.28466296196
7.66611289978
7.4076859951
6.84121012688
6.47512793541
6.5616710186
7.28730106354
7.28083896637
6.72796297073
6.94714999199
7.88485693932
7.22696399689
6.67271304131
6.66847515106
7.62693500519
6.84727096558
6.53363704681
8.13123703003
6.47680020332
7.10680389404
6.7810959816
6.72248101234
7.64734888077
6.90147995949
6.58787298203
7.61887192726
7.64695906639
7.32126092911
6.86354899406
7.73290300369
6.98829007149
6.66462397575
7.10611200333
7.04392004013
6.69950699806
6.6396279335
7.11858487129
