batch times pre normalized by hold_sec =,1.0
wer, 89.6965301796
cer, 74.6843638718
bs, 12
hold_idx, -1
cuda, False
avg batch time, 9.38639738401
50%-tile latency, 0.765801091989
99%-tile latency, 0.870944465001
through put, 1.3058221129
data
9.72554302216
10.2129099369
10.0132329464
8.96008181572
8.83283400536
8.90416383743
10.3681299686
9.92702388763
9.25814294815
8.98431015015
9.55349302292
9.24288201332
8.69023799896
9.0930929184
9.1612341404
9.89499616623
10.0972208977
10.6586780548
8.81910896301
9.12308096886
8.89836192131
8.86055898666
8.826171875
8.88549208641
9.40423512459
9.24001312256
9.83653211594
9.17951107025
8.96011710167
10.1618509293
9.15703582764
8.6713039875
9.99889993668
10.2005939484
9.3076069355
10.0270180702
10.2549481392
9.19137501717
9.07128214836
9.12629199028
8.92102694511
9.80751490593
9.4072239399
9.5598859787
10.2803959846
10.3784828186
10.1879050732
9.13623285294
9.0244178772
8.93741393089
8.93446493149
8.91184306145
8.86685109138
8.97584009171
10.1780641079
8.91592478752
9.08378195763
9.22629094124
9.15711808205
9.52347111702
8.972397089
9.45795702934
9.22767996788
9.12954306602
9.13802289963
9.09594893456
9.15889406204
10.2102599144
9.18961310387
9.32409715652
10.1937608719
9.49606609344
8.73997211456
9.3322520256
9.1195909977
