batch times pre normalized by hold_sec =,1.0
wer, 99.2177473568
cer, 83.6260993038
bs, 11
hold_idx, -1
cuda, False
avg batch time, 9.72061543147
50%-tile latency, 0.877607085488
99%-tile latency, 1.00194575873
through put, 1.13946208564
data
10.616724968
10.0284440517
9.56745100021
9.75780797005
10.1234900951
10.5112681389
10.0119671822
9.56006097794
10.1901888847
9.33898687363
9.74571800232
9.59967899323
9.96518802643
9.70008707047
9.62162518501
9.53791284561
9.68215799332
11.7077660561
9.82032799721
9.68365907669
10.3631429672
9.0834300518
9.0795981884
9.63660097122
9.58442091942
9.71889901161
9.70319604874
10.4002950191
9.18754792213
9.12434077263
9.70305395126
10.1532859802
10.7802488804
9.61034488678
9.38703012466
9.32996201515
10.7131340504
9.43597698212
9.2605919838
9.22699594498
9.11752009392
9.07490181923
10.3145518303
9.37077498436
9.17978692055
9.81496095657
10.0320260525
9.78715801239
9.10971283913
9.87761998177
9.55796504021
9.50198578835
9.14199495316
9.6739718914
10.3532888889
9.27312779427
9.73027205467
9.73138999939
10.1377699375
9.15745210648
10.537925005
9.42458105087
9.41064310074
9.65367794037
10.0388791561
9.44324302673
9.84812402725
9.61220097542
10.2593610287
9.26770401001
9.41725897789
9.85121202469
9.53417301178
9.34677791595
9.20955610275
