batch times pre normalized by hold_sec =,1.0
wer, 99.6527777778
cer, 83.9462467608
bs, 9
hold_idx, -1
cuda, False
avg batch time, 8.96993364334
50%-tile latency, 0.974872774548
99%-tile latency, 1.11635289351
through put, 1.02577487659
data
9.62959909439
8.95658683777
10.074723959
9.90242290497
10.0374970436
9.54880595207
8.41065692902
9.21139597893
9.46984601021
9.98562097549
8.73788380623
8.76685500145
8.6550450325
8.36479115486
8.50795698166
8.59439587593
8.51650595665
8.70600605011
8.78100800514
8.59230494499
8.86969590187
8.42275691032
8.73947310448
8.69443011284
9.16473698616
8.76284503937
8.71217393875
9.4819111824
8.8347029686
8.75658798218
8.45564699173
8.7928841114
9.66476988792
9.64382791519
8.7605741024
8.96522498131
8.73853397369
8.94899201393
8.72899699211
8.80742311478
8.64599299431
8.80581092834
8.7265329361
8.68324685097
8.58723807335
8.92150020599
8.8562579155
8.44862484932
8.49500703812
9.21633887291
9.15781283379
8.36516809464
8.72654700279
8.65404391289
8.74586701393
9.42220401764
8.77385497093
8.65090489388
10.002959013
9.71901297569
9.26210403442
9.64963102341
9.31977081299
8.63026189804
9.24275183678
8.57874679565
8.72938203812
9.62219190598
9.18360710144
8.97704482079
8.60244297981
8.53899788857
8.61950397491
8.90401005745
9.88355398178
