batch times pre normalized by hold_sec =,1.0
wer, 98.9958719179
cer, 83.2631919715
bs, 12
hold_idx, -1
cuda, False
avg batch time, 10.2459126918
50%-tile latency, 0.842129091422
99%-tile latency, 0.945478907824
through put, 1.18746639938
data
11.2277750969
10.7783339024
11.1375260353
9.94911909103
9.7617380619
11.1767010689
11.3695001602
9.70081996918
9.50723290443
10.0427560806
10.2864720821
9.42712187767
10.7184832096
9.48147106171
10.0829210281
9.74835991859
9.40064001083
10.0134091377
10.0809659958
9.46047592163
10.0638411045
9.79421782494
10.0914061069
10.0988121033
11.1397018433
9.83033800125
11.3374011517
10.7998859882
11.1340308189
10.950483799
10.2069199085
10.2613890171
10.4130818844
10.0985190868
10.3975749016
10.1055490971
10.0074088573
9.73909497261
10.1955080032
9.64587402344
10.9613940716
9.57139801979
9.40592217445
11.1265769005
10.0519220829
10.0520169735
10.287280798
10.7784659863
11.0165529251
9.70610404015
9.42662000656
9.51516389847
10.6280009747
9.39915180206
11.1858429909
11.070775032
9.58722400665
9.87140703201
10.0364530087
10.9116988182
10.0125150681
9.55789899826
10.2615001202
10.1328101158
11.0768399239
10.4204440117
10.685076952
9.488945961
10.3493289948
10.1539649963
9.44528102875
10.8367290497
10.430742979
11.1509730816
10.1875679493
