batch times pre normalized by hold_sec =,1.0
wer, 105.261948529
cer, 88.4737067123
bs, 3
hold_idx, -1
cuda, False
avg batch time, 6.63128872871
50%-tile latency, 2.14468932152
99%-tile latency, 2.6866264979
through put, 0.466267999736
data
7.24677491188
7.03703713417
6.67015385628
6.43918085098
7.19019293785
7.17514705658
6.40611100197
7.69341802597
6.43406796455
6.42834687233
6.8770570755
6.33513402939
6.95538282394
6.39800190926
6.51827096939
6.35093688965
6.35150504112
7.06256484985
6.19944906235
6.2381811142
7.05316519737
7.02848100662
6.33231878281
7.99518609047
6.37321805954
6.34975194931
7.2142469883
6.30449795723
6.92619419098
6.41617798805
7.22754502296
6.13304209709
7.00407314301
6.67176890373
6.42513298988
6.34174704552
7.33618998528
6.67840600014
6.44765782356
6.95917892456
6.18362188339
6.19901108742
6.19376301765
6.2139749527
8.24400687218
7.12973189354
6.92885017395
6.56635499001
6.45105600357
6.29376888275
6.23612713814
6.0343401432
6.00973701477
6.21043086052
7.12279009819
6.67165112495
6.49728083611
6.36959004402
6.21256017685
6.03305101395
6.1607940197
6.49005007744
6.99632096291
6.36271595955
6.559497118
6.30137300491
7.28238797188
6.90675997734
6.35209298134
6.42894411087
6.32413387299
6.23723292351
6.2223739624
7.29704499245
6.3983399868
