batch times pre normalized by hold_sec =,1.0
wer, 99.1446659483
cer, 83.5470193327
bs, 10
hold_idx, -1
cuda, False
avg batch time, 9.42661103884
50%-tile latency, 0.925902891159
99%-tile latency, 1.08860209942
through put, 1.08002686842
data
9.99999809265
10.686809063
10.3504099846
9.25902891159
9.40673112869
9.25500488281
9.27354121208
9.78908610344
9.85425591469
8.89261293411
10.0999648571
10.2942121029
8.98226499557
9.29828810692
8.83613300323
8.93938398361
9.49808096886
8.69353413582
8.84995388985
8.78229904175
9.295566082
9.15786409378
9.14488387108
9.15810608864
10.5020401478
9.7329928875
11.2769258022
9.45544505119
9.16935014725
10.4589688778
9.3467669487
10.2525389194
10.1680519581
9.34416985512
10.099697113
9.19315195084
9.02393102646
9.15232801437
8.84437894821
9.31099820137
9.29729700089
10.126942873
9.16708612442
9.22745490074
9.19351887703
8.93570303917
8.87795782089
8.90820598602
9.37808609009
9.20026707649
8.77610301971
9.14002394676
9.46034693718
9.25675702095
9.10926604271
9.06043505669
9.70671486855
8.81428909302
9.06402611732
10.2072200775
9.16642713547
9.16096901894
9.672123909
8.77613306046
9.39183187485
10.4727599621
9.70372700691
9.31538820267
10.7486760616
9.05074310303
8.97000718117
9.4929921627
8.7908987999
8.7928750515
9.45282411575
