batch times pre normalized by hold_sec =,1.0
wer, 81.1121323529
cer, 77.7853783668
bs, 3
hold_idx, -1
cuda, False
avg batch time, 0.976075391769
50%-tile latency, 0.31449230512
99%-tile latency, 0.40471534729
through put, 3.17972803697
data
1.06164121628
0.83443903923
0.943476915359
1.04768586159
0.823510885239
0.827501058578
1.15430092812
0.823081016541
0.823076963425
1.16108703613
1.03920292854
0.82382106781
1.15511512756
0.86109495163
0.822117090225
1.04371595383
1.20852303505
1.20850086212
1.18164491653
0.822092056274
0.822313070297
1.17778897285
0.912953853607
0.821465015411
1.05586004257
0.892427921295
0.821310043335
0.967617034912
1.0135281086
0.822116851807
0.845101833344
1.16536808014
0.821538925171
0.821398973465
1.18006205559
1.19589781761
1.2015209198
1.23014998436
0.9172270298
1.0018119812
0.979503154755
0.820411205292
0.879287958145
1.10417890549
1.20769095421
1.20830917358
0.926306009293
0.820619106293
0.947067975998
1.05947589874
0.821501016617
0.836940050125
1.15899300575
0.82160282135
0.821325063705
1.16644096375
1.2073931694
1.17376613617
1.06830883026
0.821542024612
0.821198940277
1.10937404633
0.821342945099
0.821583032608
1.10466098785
0.866396903992
0.821352958679
0.97394990921
1.02194404602
0.820233106613
0.853008031845
1.13270878792
0.822348833084
0.822397947311
1.1894030571
