batch times pre normalized by hold_sec =,1.0
wer, 81.4538043478
cer, 78.294793186
bs, 9
hold_idx, -1
cuda, False
avg batch time, 1.35657850583
50%-tile latency, 0.152360545264
99%-tile latency, 0.178871596654
through put, 6.56337897889
data
1.62203884125
1.20889902115
1.12081003189
1.39213395119
1.11053013802
1.47672796249
1.20217204094
1.27327203751
1.23114609718
1.10842394829
1.47277116776
1.10891199112
1.41732001305
1.56356406212
1.59023404121
1.59229302406
1.53262090683
1.10958194733
1.36306905746
1.54521179199
1.53296995163
1.53456020355
1.53891897202
1.54224300385
1.49281597137
1.11108708382
1.21014809608
1.3023879528
1.10876202583
1.50493383408
1.1084458828
1.33736610413
1.20855116844
1.11064815521
1.39337396622
1.10749793053
1.47092819214
1.58836889267
1.53370690346
1.10775089264
1.33069610596
1.18973612785
1.10726594925
1.42661619186
1.1069829464
1.45476794243
1.56336522102
1.5640130043
1.56900501251
1.54900193214
1.10741400719
1.33378791809
1.15851092339
1.10754394531
1.57836413383
1.34856295586
1.57160878181
1.55676007271
1.37124490738
1.10723185539
1.45288681984
1.5419960022
1.51281499863
1.10787320137
1.27991008759
1.25482678413
1.10911989212
1.6055598259
1.59379410744
1.34686207771
1.10650897026
1.47494101524
1.36125516891
1.41366696358
1.59169483185
