batch times pre normalized by hold_sec =,1.0
wer, 81.8532171582
cer, 78.4200445854
bs, 4
hold_idx, -1
cuda, False
avg batch time, 1.01967023532
50%-tile latency, 0.250648975372
99%-tile latency, 0.322122211456
through put, 3.98964327907
data
0.984488010406
1.00397992134
1.26593399048
1.26498293877
1.26404905319
0.952841997147
0.880218982697
1.05717420578
1.00259590149
0.880634784698
1.00494599342
1.09991407394
0.879305124283
1.01563096046
1.30669498444
1.28118395805
1.20668792725
0.881592035294
0.873349905014
1.22018408775
1.23594594002
1.23381304741
0.978019952774
0.874449014664
1.0546810627
1.01717090607
0.874665021896
1.02432799339
1.05465197563
0.871608972549
0.947077035904
1.10252904892
0.873667001724
0.928504943848
1.14453887939
0.876096963882
0.886907100677
1.16329908371
0.870844125748
0.872553110123
1.24680304527
0.874891042709
0.874430179596
1.25301504135
1.28209209442
1.02678203583
1.01344418526
0.87001490593
1.01338601112
1.07496285439
0.875837087631
0.972232103348
1.09643602371
0.872578144073
0.903996944427
1.14429211617
0.873727083206
0.87818813324
1.18746399879
0.871850967407
0.869282007217
1.20534586906
0.871869087219
0.869373083115
1.25031089783
0.870981931686
0.871907949448
1.15236592293
0.876988887787
0.870321989059
1.14213490486
0.927966117859
1.21033000946
1.19719791412
0.870727062225
