batch times pre normalized by hold_sec =,1.0
wer, 81.449001619
cer, 78.2181726145
bs, 5
hold_idx, -1
cuda, False
avg batch time, 1.15874694188
50%-tile latency, 0.227973365784
99%-tile latency, 0.280571510315
through put, 4.38647732625
data
1.39559698105
1.32657313347
1.34922909737
1.34599113464
1.28697800636
1.28970599174
0.999847173691
0.931095123291
1.26721906662
1.40160512924
1.40642213821
1.34115099907
1.33325409889
1.11013484001
0.927641868591
1.13986682892
1.05421900749
0.916416168213
1.39120316505
1.35880708694
1.32653713226
1.30243182182
1.33551502228
1.12721204758
0.914729118347
1.09282708168
1.37645101547
1.39070105553
1.17713594437
0.916741132736
1.07613801956
1.32404589653
1.32356309891
1.21212887764
0.914604902267
0.985388994217
1.16560006142
0.913173913956
1.01621699333
1.12879109383
0.913714885712
1.03197598457
1.11334609985
0.913350105286
1.05826497078
1.10414099693
0.91609287262
1.08915615082
1.05889201164
0.915728092194
1.13230991364
1.29056501389
1.27428102493
1.1408290863
0.918942928314
1.01145291328
1.14722514153
0.919969081879
1.04158687592
1.13920903206
1.32079601288
1.3192191124
1.27447414398
1.29600596428
1.32345199585
0.974858999252
1.23449993134
1.35629701614
1.33547210693
1.33570408821
1.30691409111
1.04280877113
0.914495944977
1.13599205017
1.01110696793
