batch times pre normalized by hold_sec =,1.0
wer, 81.3987925732
cer, 78.087097393
bs, 6
hold_idx, -1
cuda, False
avg batch time, 1.18114598592
50%-tile latency, 0.200600345929
99%-tile latency, 0.242651787599
through put, 4.98503626884
data
1.45463418961
1.35800600052
0.962282896042
1.04844307899
1.36645102501
1.33629202843
1.28323912621
0.978965044022
1.06307601929
1.17520713806
0.978038072586
1.1726911068
1.40229988098
1.40251994133
1.03502106667
0.962957143784
1.21335101128
1.06554889679
0.962989807129
1.26509308815
1.38451719284
1.21136283875
1.38378882408
0.963297128677
1.34965205193
1.38587498665
1.38351416588
1.10326194763
0.979840040207
1.25373315811
0.963693141937
1.06716108322
1.18033003807
0.963132858276
1.19371604919
1.05220198631
0.963500022888
1.30828809738
1.01102185249
0.963558912277
1.27361798286
0.963042020798
1.06199193001
1.20872497559
0.965547800064
1.20360207558
1.0499060154
0.962718963623
1.3052110672
1.36025309563
1.37545394897
1.34213614464
0.986560106277
1.26599693298
1.39083909988
1.34633183479
1.35010790825
1.36931800842
1.45954394341
1.42926096916
1.03365898132
0.961305141449
1.32910609245
1.38274812698
1.28636980057
1.0436360836
0.961895942688
1.32790279388
1.38117599487
1.38539814949
1.00408506393
0.960877895355
1.36109089851
0.964434146881
0.979546070099
