batch times pre normalized by hold_sec =,1.0
wer, 77.5876817793
cer, 73.1182795699
bs, 1
hold_idx, -1
cuda, False
avg batch time, 0.706303574244
50%-tile latency, 0.683902978897
99%-tile latency, 0.796455163956
through put, 1.46219570737
data
0.683588027954
0.795717000961
0.791464090347
0.71977686882
0.650542974472
0.651478052139
0.729846954346
0.739020109177
0.650015115738
0.649717092514
0.652315855026
0.789041042328
0.685461044312
0.649976015091
0.649955034256
0.727530956268
0.773123025894
0.650323152542
0.650618076324
0.659554004669
0.791375875473
0.689652919769
0.650489807129
0.650593042374
0.74280500412
0.756518125534
0.650030136108
0.650307178497
0.674614906311
0.798556089401
0.674314975739
0.649806022644
0.650027990341
0.763565063477
0.727241039276
0.649780988693
0.650000095367
0.695805072784
0.79453587532
0.792214155197
0.792247056961
0.791898965836
0.772078990936
0.649925947189
0.650122880936
0.652348995209
0.778433084488
0.701839923859
0.65007185936
0.650130033493
0.734997034073
0.792829036713
0.792144060135
0.792196035385
0.792447805405
0.745518922806
0.649945020676
0.650048971176
0.682137966156
0.793028116226
0.663012981415
0.650317192078
0.649849891663
0.759961128235
0.743477106094
0.650446891785
0.650786161423
0.683902978897
0.791062116623
0.705373048782
0.650682926178
0.651390075684
0.793206930161
0.712692975998
0.650916099548
