batch times pre normalized by hold_sec =,1.0
wer, 81.606950431
cer, 78.424864974
bs, 10
hold_idx, -1
cuda, False
avg batch time, 1.47216618856
50%-tile latency, 0.152554798126
99%-tile latency, 0.179611231804
through put, 6.55502162031
data
1.84249711037
1.77981495857
1.47475290298
1.17891287804
1.65778517723
1.63177704811
1.44803309441
1.62669992447
1.64696216583
1.6578669548
1.29252409935
1.18574714661
1.62192702293
1.63694095612
1.36108994484
1.17956805229
1.44133615494
1.18258309364
1.56554794312
1.66515088081
1.53879308701
1.53699016571
1.46870112419
1.1604411602
1.46447682381
1.15881609917
1.38772201538
1.24504804611
1.19519710541
1.42717790604
1.18015503883
1.51729893684
1.17722296715
1.52554798126
1.67467093468
1.54237318039
1.30341792107
1.60364198685
1.15933895111
1.50707507133
1.72267103195
1.65657114983
1.64605808258
1.51238298416
1.1564950943
1.54032897949
1.15532493591
1.42459702492
1.64880895615
1.63027715683
1.59820008278
1.61618304253
1.63407897949
1.48312020302
1.62658905983
1.69886779785
1.7097427845
1.28020501137
1.15407991409
1.46038579941
1.15573096275
1.56599116325
1.59901595116
1.53216505051
1.15468597412
1.49288415909
1.64056420326
1.58497214317
1.15431904793
1.44660902023
1.3072450161
1.6400179863
1.64871311188
1.63898015022
1.6439781189
