batch times pre normalized by hold_sec =,1.0
wer, 81.2731526613
cer, 78.1352713461
bs, 7
hold_idx, -1
cuda, False
avg batch time, 1.25869528453
50%-tile latency, 0.187585864748
99%-tile latency, 0.208147479466
through put, 5.33089207623
data
1.37836289406
1.42563509941
1.45135378838
1.07139706612
1.45610713959
1.08130598068
1.01592993736
1.45678806305
1.45717597008
1.4066529274
1.01257014275
1.14665293694
1.45350599289
1.45041298866
1.22287297249
1.01687192917
1.33434295654
1.45135116577
1.44639015198
1.41356992722
1.44225597382
1.08922100067
1.01663613319
1.34202718735
1.01361107826
1.10938286781
1.22727918625
1.01757001877
1.29549193382
1.07073688507
1.01609420776
1.36505293846
1.01643490791
1.14379692078
1.17536115646
1.01362919807
1.31310105324
1.45405602455
1.30512022972
1.11380600929
1.01606178284
1.43406486511
1.45537304878
1.44135904312
1.01852798462
1.44779491425
1.10234999657
1.01229000092
1.39536094666
1.44175410271
1.43183803558
1.42479085922
1.44588112831
1.45342302322
1.45435094833
1.05368590355
1.0135538578
1.36253404617
1.01389503479
1.18070101738
1.16493415833
1.01384305954
1.38310909271
1.45561385155
1.45187497139
1.44416809082
1.45123696327
1.45550489426
1.45698189735
1.0478990078
1.01399803162
1.42229580879
1.01418399811
1.19718694687
1.1398100853
