batch times pre normalized by hold_sec =,1.0
wer, 71.3879281491
cer, 66.0961371777
bs, 12
hold_idx, -1
cuda, False
avg batch time, 2.48319515546
50%-tile latency, 0.206194500128
99%-tile latency, 0.245237644911
through put, 4.84978987983
data
2.9563498497
2.29075503349
2.52996516228
2.39893293381
2.84083509445
2.8345181942
2.82855200768
2.55422592163
2.06346678734
2.34774899483
2.30306100845
1.97798109055
2.4845700264
2.35502290726
2.56376409531
2.80052518845
2.74959516525
2.03855490685
2.10039997101
2.38132500648
2.39317011833
2.77608585358
2.78525209427
2.63877296448
2.76313304901
2.76455712318
2.34456300735
2.36983013153
2.56219291687
2.24040102959
2.79956412315
2.12861704826
2.90474104881
2.28895902634
2.35542392731
2.20534801483
2.74479699135
1.98700809479
2.71988296509
2.38016819954
2.37583398819
2.93810915947
2.75468206406
2.83759903908
2.80315208435
2.76006102562
2.05790901184
2.75262498856
2.74082493782
2.51638698578
2.23660612106
2.26588797569
2.74232387543
2.21917414665
2.54739403725
2.31007504463
1.97687387466
2.15838003159
2.47433400154
2.35163807869
2.76620793343
2.78355097771
2.62255311012
2.93015408516
2.06751203537
2.30822896957
2.36926698685
2.67886185646
1.9625120163
2.23115611076
2.37852692604
2.20528888702
2.78833913803
2.01888513565
2.75610494614
