batch times pre normalized by hold_sec =,1.0
wer, 70.9051724138
cer, 65.6024430872
bs, 10
hold_idx, -1
cuda, False
avg batch time, 2.17471049945
50%-tile latency, 0.211985611916
99%-tile latency, 0.273436358929
through put, 4.7173012874
data
2.72877597809
2.61693882942
1.85708904266
2.22681903839
2.55164194107
1.88642907143
2.58831906319
2.1164329052
2.21762394905
1.82356905937
2.04093694687
2.21337389946
1.87979507446
1.9818239212
2.19331288338
1.93315410614
1.99411392212
2.18849515915
1.97596216202
1.86377000809
2.20257592201
2.06170415878
2.57166194916
1.94082188606
2.21449494362
2.00097298622
1.86972308159
2.20044994354
2.05029988289
2.53185105324
1.95484805107
2.21557998657
1.94676184654
1.91131401062
2.20681285858
2.0117559433
2.70345497131
1.92600703239
2.2110888958
1.9745349884
2.75026679039
1.9521279335
2.23519992828
1.98130011559
1.91847014427
2.20227098465
2.0549030304
2.57961797714
1.95020699501
2.20941209793
1.96060299873
2.54028105736
2.02037096024
2.20064902306
1.86073112488
1.98339700699
2.21511387825
1.89197611809
2.66370201111
2.11985611916
2.224848032
1.88732290268
1.95868515968
2.33962082863
2.00689005852
2.51268696785
1.98861193657
2.31689310074
2.40411520004
2.54683804512
2.49174284935
2.05271792412
2.20424985886
2.61574697495
2.67676997185
