batch times pre normalized by hold_sec =,1.0
wer, 71.087425796
cer, 65.682105796
bs, 5
hold_idx, -1
cuda, False
avg batch time, 1.77397135417
50%-tile latency, 0.343179368973
99%-tile latency, 0.439355038643
through put, 2.9139280808
data
2.07896590233
2.1261651516
1.79568696022
2.09265518188
1.47933101654
1.73553490639
1.98257899284
2.04064893723
1.62904191017
1.54169797897
1.70968103409
1.47173190117
1.79715013504
2.10684609413
1.71053600311
1.57374000549
1.57571315765
1.65858101845
1.5192630291
1.62100696564
1.45955204964
1.7611489296
1.50483179092
1.8339099884
1.43455791473
1.79965400696
1.43533110619
1.74387812614
2.08547520638
1.47999477386
2.00456690788
1.43734002113
1.81458687782
1.43768501282
1.63731098175
1.43644380569
1.74550795555
1.51829910278
1.6505279541
1.6017510891
2.07432794571
2.08542513847
2.19684100151
2.19675207138
1.92514896393
2.10711693764
1.95733499527
1.71589684486
1.54212403297
1.64535808563
2.09187889099
1.51066708565
2.07317495346
1.77138495445
2.09278106689
1.92398500443
2.09283518791
1.56040000916
1.70749807358
1.48653006554
2.00548696518
2.0855050087
1.65779209137
1.66264486313
2.08872914314
2.10201716423
1.58044886589
1.48137807846
1.60712695122
1.54846000671
1.69481706619
1.49593615532
2.06278920174
2.04960393906
2.09874486923
