batch times pre normalized by hold_sec =,1.0
wer, 64.4720355394
cer, 57.212286573
bs, 6
hold_idx, -1
cuda, False
avg batch time, 2.62328980764
50%-tile latency, 0.423434813817
99%-tile latency, 0.513783272902
through put, 2.36163859789
data
2.37141990662
2.5406088829
2.55856394768
2.57935404778
2.40291500092
3.04408502579
2.94193410873
3.03518509865
3.08167886734
3.0082681179
3.02650690079
2.68900203705
3.07337784767
3.03221797943
3.06171894073
3.01178312302
3.04825401306
3.00316500664
3.06860303879
3.01294493675
2.33034396172
3.08560490608
3.02680802345
2.0867638588
2.38533115387
2.78542709351
2.76360487938
2.57595992088
2.42539596558
2.9853219986
3.05520200729
3.08101511002
2.38981604576
2.2208840847
2.50098085403
2.75202202797
2.7764210701
2.56964087486
2.21886992455
2.20306801796
2.97402191162
2.47739195824
2.48157596588
2.76666116714
2.37991809845
2.12065291405
2.47412085533
2.5488820076
2.37467312813
2.21524095535
2.1966919899
2.43877100945
2.49824094772
2.86107611656
2.43747019768
3.01785802841
3.01586794853
2.18488407135
2.29798984528
2.3578748703
2.50242304802
2.22870111465
2.22385692596
2.46977210045
2.56584310532
2.51692581177
2.25615692139
3.0276389122
2.16935992241
2.45474886894
2.48853516579
2.49827694893
2.21814703941
2.98202109337
2.21439599991
