batch times pre normalized by hold_sec =,1.0
wer, 64.2964975845
cer, 57.1234370354
bs, 9
hold_idx, -1
cuda, False
avg batch time, 3.00140846252
50%-tile latency, 0.31966831949
99%-tile latency, 0.381880707741
through put, 3.12824242826
data
3.25895905495
2.80509591103
2.83149814606
2.7926030159
2.68517494202
3.42090296745
3.21037912369
2.91606998444
3.14650392532
2.83160805702
2.77672696114
2.72831201553
3.32735800743
2.7771730423
3.24810600281
2.81170201302
2.70518302917
3.43655586243
3.29767417908
2.84081912041
2.82095980644
2.7623898983
3.3393740654
2.87701487541
2.77770400047
3.02646613121
3.27671599388
2.77167105675
3.43254804611
3.09491991997
2.83243608475
2.80735898018
2.78040981293
3.32302308083
2.79922819138
3.28419208527
2.83044409752
2.8070268631
2.71769595146
3.39244484901
2.77518892288
3.27961802483
2.83009791374
2.75374388695
3.4156692028
3.18341493607
2.82409095764
2.833507061
3.25771307945
2.79579091072
2.89169216156
3.34911990166
3.10335993767
2.80615496635
2.81048893929
2.73457789421
3.4105489254
3.17754101753
2.79745602608
2.8143761158
2.75195193291
3.43798089027
3.15123105049
2.96649098396
3.09222698212
3.05089187622
3.03007006645
2.99888420105
3.33138895035
2.87385582924
2.92483997345
2.95048809052
2.8487830162
3.4099919796
2.83997893333
