batch times pre normalized by hold_sec =,1.0
wer, 64.3723060345
cer, 57.3229518954
bs, 10
hold_idx, -1
cuda, False
avg batch time, 3.03029548963
50%-tile latency, 0.294198513031
99%-tile latency, 0.357593496799
through put, 3.39906544631
data
3.20812702179
2.9903280735
2.91052603722
2.97927689552
2.9885020256
2.93584299088
3.3631529808
3.54271578789
2.68766093254
2.77033901215
3.46635890007
2.6800198555
3.51856088638
3.55691313744
3.40446710587
3.04686617851
3.3082909584
2.94477415085
3.13701105118
2.92571401596
2.89258599281
2.94475007057
2.91313695908
2.90714597702
2.92236304283
2.98225092888
3.29470610619
2.91913485527
2.92313408852
3.1244969368
3.6300740242
2.95025110245
2.93409991264
2.86633896828
2.86976885796
2.9221200943
2.94198513031
3.23753499985
2.98087692261
2.87285590172
2.89785385132
3.36204814911
2.93706798553
2.93901085854
2.94281506538
2.89272904396
2.93859982491
2.94900512695
2.89375495911
2.92304706573
2.92923402786
3.13619208336
3.13424611092
3.2966029644
2.97624206543
2.88209986687
2.90316081047
3.33601784706
2.91738796234
2.8817191124
2.88978695869
2.89414095879
2.89179301262
2.93843507767
2.97276306152
3.29540109634
2.99964499474
2.90973997116
2.95532298088
2.92922496796
2.92566680908
2.91998314857
3.24768400192
3.05393791199
2.98474311829
