batch times pre normalized by hold_sec =,1.0
wer, 65.592920354
cer, 58.2390102659
bs, 2
hold_idx, -1
cuda, False
avg batch time, 2.09416469574
50%-tile latency, 1.03743696213
99%-tile latency, 1.27953412056
through put, 0.963913988518
data
2.61204409599
2.51716399193
2.3717250824
1.87871003151
2.08858990669
1.68783402443
2.3987929821
2.52184700966
2.45299887657
2.51428294182
1.75828099251
2.19651889801
2.49165606499
2.50635004044
1.79017019272
2.54045510292
2.41265892982
1.71010088921
2.00196003914
2.0976729393
1.68495106697
2.04760098457
1.92915296555
1.77322411537
2.11034798622
1.76963806152
1.93381690979
2.09176802635
1.68656611443
2.03280091286
1.9840760231
1.71935009956
2.14403605461
1.86700391769
2.50106692314
1.98402690887
2.04449605942
1.76256489754
2.07142090797
1.92902112007
1.78130483627
2.12286305428
1.78556418419
2.48963499069
2.41788101196
2.2869977951
2.47146606445
1.73613381386
2.08857703209
1.84919404984
1.84698820114
2.07487392426
1.68929481506
2.49142003059
2.22054886818
1.87541103363
1.81137084961
2.10801100731
1.703799963
1.98727083206
2.09000515938
2.52247595787
1.8166718483
2.09730601311
1.75593590736
2.49531602859
2.13650894165
1.94215393066
2.51052689552
1.9424738884
2.08710694313
2.36681604385
2.35691404343
2.05941700935
2.42737412453
