batch times pre normalized by hold_sec =,1.0
wer, 60.3079555175
cer, 50.7302198684
bs, 1
hold_idx, -1
cuda, False
avg batch time, 1.55336045901
50%-tile latency, 1.57614517212
99%-tile latency, 1.72360238075
through put, 0.634459323728
data
1.75848889351
1.43665909767
1.70976114273
1.70595693588
1.67221593857
1.7062959671
1.6958360672
1.70801091194
1.53229117393
1.44077706337
1.54790401459
1.42264389992
1.57685494423
1.4049179554
1.57469892502
1.4007768631
1.58592796326
1.40070915222
1.60212397575
1.40187096596
1.68669199944
1.71043300629
1.59305405617
1.70675706863
1.51757907867
1.70689606667
1.47907590866
1.50058698654
1.48567390442
1.46268701553
1.52603602409
1.44657492638
1.55736589432
1.42451000214
1.57212281227
1.40514993668
1.56433987617
1.40188002586
1.57614517212
1.71074509621
1.52959108353
1.40679311752
1.58657979965
1.40373086929
1.59405183792
1.40348792076
1.60346007347
1.40261101723
1.62532711029
1.71134495735
1.58482217789
1.40453600883
1.60218596458
1.40306591988
1.5776219368
1.40307998657
1.62744998932
1.40317296982
1.62263798714
1.40360689163
1.59686207771
1.40277504921
1.62202811241
1.4031162262
1.62164592743
1.40344905853
1.61961102486
1.71064281464
1.64620614052
1.70899009705
1.58353590965
1.70966291428
1.71053385735
1.69574689865
1.44904398918
