batch times pre normalized by hold_sec =,1.0
wer, 64.9217485159
cer, 57.9574791192
bs, 5
hold_idx, -1
cuda, False
avg batch time, 2.46950454712
50%-tile latency, 0.479069185257
99%-tile latency, 0.588655508041
through put, 2.08738117745
data
2.81250905991
2.76488089561
2.77910494804
2.79885816574
2.86771607399
2.54614305496
2.16473603249
2.72527194023
2.59942817688
2.37101721764
2.78708100319
2.77864694595
2.04806280136
2.85885000229
2.4049680233
2.39652895927
2.02883791924
2.16202402115
2.3637201786
2.36658501625
2.88535308838
2.43616986275
2.86627101898
2.14735794067
3.01238083839
2.91899800301
2.44616580009
2.3907968998
2.74434089661
2.81754493713
2.27327799797
2.24497199059
2.35187888145
2.73210906982
2.82292890549
2.25864100456
2.11852192879
2.38939094543
2.62242794037
2.28261089325
2.21747112274
2.85806083679
2.28073883057
2.66798710823
2.82909798622
2.66878199577
2.17635798454
2.06245207787
2.3693459034
2.48600101471
2.77841186523
2.06451797485
2.1767308712
2.39382410049
2.42137217522
2.88823914528
2.23460006714
2.13593101501
2.43570590019
2.53244900703
2.78602385521
2.084400177
2.14308309555
2.35975289345
2.36907100677
2.00940799713
2.15412688255
2.39534592628
2.29735302925
2.8905749321
2.88231706619
2.02321386337
2.26198101044
2.37587714195
2.11512589455
