batch times pre normalized by hold_sec =,1.0
wer, 61.4528462192
cer, 52.3959928535
bs, 8
hold_idx, -1
cuda, False
avg batch time, 3.49196810722
50%-tile latency, 0.416417747736
99%-tile latency, 0.526079880595
through put, 2.4014346301
data
3.44356417656
3.28075098991
3.53258991241
3.82496404648
3.36593079567
3.28735303879
3.26566004753
4.15112400055
4.12420296669
3.34184789658
3.2184689045
3.15622496605
3.15516710281
3.74641013145
3.82537603378
3.3362019062
3.23609685898
3.28740000725
3.17560887337
3.13812303543
3.14928984642
4.08304595947
3.70016503334
3.44037890434
3.21049904823
3.15979909897
3.1919798851
3.20058989525
4.05203104019
3.75187802315
3.42990803719
3.18574786186
3.15021800995
4.23606204987
3.65856099129
3.38711714745
3.25080299377
3.15747189522
3.47299194336
3.17305898666
4.01581597328
3.55417394638
3.33353900909
3.20988512039
3.14868688583
3.17461395264
3.15123581886
3.97564601898
3.3278670311
4.14687395096
3.13678097725
3.14377808571
3.14481401443
3.93825101852
3.33134198189
3.31479597092
3.96962594986
3.14994812012
3.16832518578
4.13121891022
4.19335389137
3.1559689045
4.08753108978
3.38528585434
3.31101512909
3.32037806511
3.32460808754
3.99667596817
3.98163104057
3.65775799751
3.37497997284
4.19900393486
3.89386892319
3.32069182396
3.29297709465
