batch times pre normalized by hold_sec =,1.0
wer, 62.5320786997
cer, 49.8796340876
bs, 1
hold_idx, -1
cuda, False
avg batch time, 1.9689405632
50%-tile latency, 1.96035909653
99%-tile latency, 2.17163407803
through put, 0.510110622983
data
2.12817811966
1.84806489944
1.898832798
1.99876403809
2.16290283203
2.16145896912
2.007158041
1.77942299843
1.95098686218
1.93038201332
1.82219696045
2.01320099831
1.83464097977
1.9071700573
2.01370501518
2.15925312042
1.91957998276
2.01959490776
1.80978393555
1.99892401695
1.89557695389
1.84146308899
2.06330490112
1.81864714622
1.9247200489
1.95630717278
2.17372918129
1.96229481697
1.95030498505
1.9986140728
1.99942088127
1.89299893379
1.86346793175
2.01982402802
2.15842914581
1.85651803017
1.95266890526
1.78037405014
1.99073219299
1.91153907776
1.83095288277
1.99526882172
1.81536102295
1.93311500549
1.96201992035
2.14749097824
1.96740579605
2.17089796066
2.16553401947
1.92515301704
1.97561502457
2.06068491936
1.96456289291
1.92088603973
1.8193230629
2.05747413635
2.16486907005
1.82642602921
1.98900699615
1.79049110413
1.91638016701
1.94123601913
1.79893803596
1.98695993423
1.8346221447
1.91476202011
1.99184012413
2.17058300972
1.92854404449
1.97386884689
2.16168904305
1.94574189186
1.96035909653
2.15954208374
2.12779998779
