batch times pre normalized by hold_sec =,1.0
wer, 61.8265086207
cer, 52.8696178891
bs, 10
hold_idx, -1
cuda, False
avg batch time, 3.85514123281
50%-tile latency, 0.375834107399
99%-tile latency, 0.455678141594
through put, 2.66074840019
data
3.81021690369
4.32712507248
3.71790981293
3.43074083328
3.565076828
4.08941411972
3.58391904831
4.49782395363
4.45696592331
3.42114496231
4.53853797913
3.75834107399
3.39639616013
3.51352906227
4.20236802101
3.57209086418
3.53621006012
4.52941799164
3.80819821358
4.38876914978
4.20467090607
3.45705389977
3.50984811783
3.50435686111
4.17516994476
3.58597302437
3.31206393242
3.49665307999
4.01121497154
3.88441896439
4.60870504379
3.78999209404
4.23589205742
4.39145708084
3.57291698456
3.56470012665
3.45154213905
4.41489386559
3.70414185524
3.55559301376
3.61192679405
4.0732460022
3.77536296844
3.58213806152
3.44916892052
4.1682009697
4.31868600845
4.06774687767
3.8975379467
4.40797901154
3.92843008041
3.57462501526
3.55109286308
3.45885491371
3.53268909454
4.01142787933
3.5781519413
3.5252430439
4.47419786453
3.8536131382
3.50983405113
3.49856495857
4.24270796776
4.16481804848
4.25844597816
3.59155893326
3.65377902985
4.51217484474
3.95054101944
3.94409298897
4.31770610809
3.58613395691
3.53995513916
3.47916007042
3.47034597397
