batch times pre normalized by hold_sec =,1.0
wer, 62.5794934732
cer, 53.5521465345
bs, 12
hold_idx, -1
cuda, False
avg batch time, 4.21366461118
50%-tile latency, 0.338463584582
99%-tile latency, 0.422440273762
through put, 2.95452759337
data
5.05552697182
4.78126907349
4.23144388199
4.07833600044
4.55105304718
3.96941184998
3.98050618172
4.59935688972
3.83425617218
4.96609187126
4.97286081314
4.05459904671
3.80683279037
4.04639101028
4.65774393082
3.89293289185
4.25551199913
4.83574295044
4.24487495422
3.69370698929
4.47996783257
3.9025220871
4.33500003815
4.10815501213
3.82597398758
4.18373298645
4.64152097702
4.53743696213
3.87582111359
3.86050605774
4.57197999954
4.75750899315
3.90675520897
3.81489896774
3.97956895828
4.28788208961
3.87192296982
4.27137994766
3.89356184006
3.70575809479
4.23951005936
4.39719295502
4.92657089233
3.81784796715
3.87543702126
4.23518800735
4.79746699333
4.25347280502
3.88638019562
4.87394499779
4.93990492821
4.41492891312
4.66496992111
3.96768116951
3.8609559536
5.10843586922
4.12720894814
4.18104100227
3.81872916222
3.88055706024
4.06156301498
3.98936104774
3.89367008209
3.98978996277
3.93671107292
3.85286998749
3.98120713234
3.87659597397
3.93091201782
4.74837207794
3.82355999947
3.90549087524
3.87046003342
3.92369914055
4.65285515785
