batch times pre normalized by hold_sec =,1.0
wer, 67.9213002566
cer, 53.1535869042
bs, 1
hold_idx, -1
cuda, False
avg batch time, 2.34980370522
50%-tile latency, 2.3415350914
99%-tile latency, 2.64562976837
through put, 0.427070259879
data
2.67177700996
2.63252782822
2.17399311066
2.3131608963
2.45593810081
2.557502985
2.25091004372
2.61544394493
2.30748105049
2.3808760643
2.34565591812
2.6364428997
2.63034701347
2.2561841011
2.50646400452
2.58192706108
2.45972800255
2.20524001122
2.33122301102
2.37420988083
2.29695606232
2.21028995514
2.33624982834
2.50140309334
2.33964490891
2.6129360199
2.22699809074
2.38140892982
2.33040118217
2.24802017212
2.22935295105
2.36464810371
2.35437107086
2.23129916191
2.25068902969
2.37362480164
2.36335492134
2.2089099884
2.28090500832
2.36463904381
2.3415350914
2.62983989716
2.20977807045
2.3471159935
2.40819001198
2.29788208008
2.19572591782
2.32141089439
2.36963891983
2.30820798874
2.21381592751
2.36835479736
2.3721370697
2.30140185356
2.18276286125
2.35184693336
2.36111903191
2.28471803665
2.20717000961
2.35732412338
2.38224411011
2.29516887665
2.19315981865
2.38387513161
2.41199994087
2.24066710472
2.23169994354
2.40733003616
2.36476492882
2.25585508347
2.22671794891
2.37418603897
2.36575007439
2.24506998062
2.23367810249
