batch times pre normalized by hold_sec =,1.0
wer, 65.3262867647
cer, 54.3522873023
bs, 3
hold_idx, -1
cuda, False
avg batch time, 3.20449386279
50%-tile latency, 1.03017528852
99%-tile latency, 1.35247805913
through put, 0.970708588281
data
3.19566583633
2.98103499413
2.97390699387
3.00614786148
2.94677400589
3.93888688087
3.14352202415
3.06530690193
3.12971520424
3.10110521317
3.07700204849
3.10601997375
3.1950340271
3.1031961441
3.49094605446
3.61485290527
3.05639696121
4.05501413345
4.01519417763
3.44799780846
3.13750100136
2.98485589027
3.11489892006
3.12669682503
3.1141679287
3.10685610771
3.12139606476
3.09052586555
3.10241818428
3.07358193398
3.06413388252
3.05991983414
3.88865208626
3.86234307289
3.14460802078
3.11847186089
3.11728811264
3.51493120193
3.25845098495
3.90998482704
2.98124909401
2.93919491768
2.93420791626
2.9761030674
2.94960904121
2.89523506165
2.97180509567
3.00114989281
3.84758114815
2.98381090164
4.02560591698
3.44410896301
3.12575006485
3.27702307701
3.09591507912
3.07540297508
3.06055188179
4.06432199478
2.99471902847
2.97240900993
2.9489428997
2.95726394653
2.95729899406
2.96431207657
2.97504496574
2.96550011635
2.99062299728
2.95067882538
2.92480301857
2.99296998978
2.98280596733
2.9667160511
2.96708893776
3.84178996086
3.78004407883
