batch times pre normalized by hold_sec =,1.0
wer, 62.1824809204
cer, 51.5187687848
bs, 6
hold_idx, -1
cuda, False
avg batch time, 3.78092007001
50%-tile latency, 0.600934823354
99%-tile latency, 0.763889483611
through put, 1.66407397464
data
3.77901291847
3.40092682838
3.37428307533
3.58497309685
4.0567688942
3.60560894012
3.47698903084
3.55122995377
4.66713309288
3.63818383217
3.51102185249
4.30334401131
4.24695014954
3.55545306206
4.12729811668
3.57838201523
3.63264417648
3.55948185921
4.19610404968
3.58426690102
4.55389499664
3.94997620583
3.59106898308
3.59601306915
3.79992580414
4.43495893478
3.59903001785
3.54183411598
4.36087107658
3.98779392242
3.43974280357
3.55423998833
4.16224002838
3.63449287415
3.5610730648
3.56054401398
3.79577279091
3.83519983292
3.65454697609
4.37228703499
3.81101608276
3.67631387711
3.55690598488
3.57945179939
4.0925848484
3.68865513802
3.55350589752
3.55728983879
4.08194112778
4.49539017677
4.19910216331
3.80781984329
3.98369812965
4.2621319294
3.56889510155
3.5573580265
3.53835701942
3.64673280716
4.03206110001
4.05790901184
3.57134604454
4.18101382256
3.55770301819
3.44086694717
3.41687488556
3.57590603828
3.84615898132
3.57975816727
3.55873322487
3.52916097641
3.60169696808
4.08287811279
3.58319187164
3.53347802162
3.34755587578
