batch times pre normalized by hold_sec =,1.0
wer, 62.682137075
cer, 52.4474816502
bs, 5
hold_idx, -1
cuda, False
avg batch time, 3.68327310244
50%-tile latency, 0.701422786713
99%-tile latency, 0.903380274773
through put, 1.42567367206
data
4.5157251358
3.52381396294
4.3330540657
3.50730204582
3.41140198708
3.25864696503
3.49126315117
4.23880290985
3.72297883034
3.4936170578
3.43460416794
3.51098799706
4.01326990128
3.45737195015
3.53685998917
3.34360599518
3.45169997215
3.70298314095
3.50250506401
3.50853300095
3.48399186134
3.48375320435
3.49410104752
4.01842999458
3.42090296745
4.40385580063
4.36910104752
3.64330506325
3.43617892265
3.45713186264
4.08807396889
3.53583979607
4.20935297012
4.2210278511
3.73570299149
3.34663915634
3.51801800728
3.54034590721
3.85336589813
3.43935704231
3.47590208054
3.44266605377
3.49427318573
4.52024912834
3.54992008209
3.35614395142
3.4903588295
4.26312184334
3.48931312561
4.2938170433
3.94258403778
3.47619795799
3.47898006439
3.37744784355
3.4297440052
3.50711393356
4.49451518059
3.51511502266
3.3778989315
3.46712589264
4.06583189964
3.47178697586
3.49214076996
3.32780599594
4.27174592018
3.65334296227
3.54184103012
3.29815411568
3.29767012596
3.31131196022
4.450922966
3.57396602631
3.44340181351
3.44809913635
4.49747014046
