batch times pre normalized by hold_sec =,1.0
wer, 62.4065603035
cer, 51.9209682641
bs, 12
hold_idx, -1
cuda, False
avg batch time, 4.96941940308
50%-tile latency, 0.403274079164
99%-tile latency, 0.488950548569
through put, 2.47970313905
data
5.39316296577
5.1936750412
5.35830593109
4.86091303825
5.09668493271
4.97638607025
5.47907114029
4.75424909592
4.54475283623
4.60142993927
4.65015411377
5.29547309875
4.9848780632
4.83928894997
5.81128907204
5.01683998108
4.87745404243
4.89053297043
5.03867816925
4.77303600311
4.62772893906
4.88453483582
5.54699516296
4.63071608543
5.19574189186
4.7117960453
4.87502789497
5.13878107071
4.76183009148
4.55237197876
5.21877503395
4.81687808037
4.82252311707
5.16726493835
4.77677297592
4.58977890015
4.81077694893
4.82828593254
5.6698679924
5.10280203819
4.77137899399
5.80119395256
4.53428912163
4.66421484947
4.7850689888
5.09940886497
4.78684902191
4.58287978172
5.27841281891
4.80802416801
4.58571505547
4.59476494789
4.587859869
4.69570207596
4.77318787575
5.003688097
4.68725395203
4.56481099129
4.55110120773
4.82552599907
5.8694999218
5.09911894798
5.39945197105
4.810338974
5.86667108536
4.91873693466
4.62405180931
5.79351615906
5.23305583
5.85901808739
4.94418215752
4.67360019684
4.76811814308
4.83895993233
4.86129903793
