batch times pre normalized by hold_sec =,1.0
wer, 62.2807553627
cer, 51.748580066
bs, 11
hold_idx, -1
cuda, False
avg batch time, 4.80899056117
50%-tile latency, 0.419399369847
99%-tile latency, 0.521262094758
through put, 2.38436219007
data
5.28806900978
5.62067580223
4.49146986008
4.67982411385
5.59180402756
5.60713791847
4.75986814499
5.1263051033
4.6514749527
5.59602880478
5.62187099457
5.65363311768
4.51123690605
4.42953586578
5.12285995483
4.6598880291
5.63861703873
4.61339306831
4.58605694771
4.44349002838
4.66629195213
5.73055481911
5.74001097679
5.60334610939
4.52419495583
4.62833213806
4.4092001915
5.44959998131
4.42610406876
4.51434707642
4.63147807121
5.60800004005
4.49298596382
4.38322114944
4.46431493759
5.30449700356
4.80138897896
4.45854592323
4.44869804382
4.64238810539
4.63974189758
5.69259500504
4.50829100609
4.38740777969
4.52571892738
4.42044615746
4.51004290581
5.48175096512
4.78525996208
4.5536198616
4.44652485847
4.42831802368
4.44721913338
4.66856598854
4.5360648632
5.73172998428
4.91450405121
4.60019183159
4.83497905731
4.78696107864
4.73815488815
4.72600698471
4.57601308823
5.07746911049
4.50032019615
4.56044793129
4.38051605225
4.37965798378
4.508644104
4.4344291687
4.50078701973
4.43494415283
4.45088005066
4.42248082161
4.46286702156
