batch times pre normalized by hold_sec =,1.0
wer, 67.6470588235
cer, 55.6990166738
bs, 3
hold_idx, -1
cuda, False
avg batch time, 3.85276272456
50%-tile latency, 1.22160498301
99%-tile latency, 1.5689443175
through put, 0.818595220146
data
3.89595103264
3.63368201256
4.64855408669
3.59103488922
3.63751196861
3.62386202812
4.09313702583
3.57827305794
3.56888484955
3.63204503059
3.61582398415
3.60618305206
3.58513712883
3.55245709419
3.59335184097
3.61774301529
4.05038380623
3.59065914154
3.6243159771
3.58840608597
4.71004891396
3.64196205139
3.57910394669
3.7151119709
3.59625411034
3.59098291397
3.545596838
4.01029896736
4.23363494873
4.38842487335
3.94518899918
3.58837604523
3.80334591866
3.84315419197
3.60310196877
4.12300491333
3.72436904907
4.29243206978
3.60438609123
4.29399991035
4.54380106926
3.60066699982
4.33721184731
3.66481494904
4.10417604446
3.58950686455
4.57934784889
3.87687110901
3.79678297043
4.66782593727
3.95989108086
3.64614892006
4.40730381012
4.03749990463
3.54122400284
3.65667700768
3.77946400642
4.06971597672
3.56968402863
3.62718820572
4.18524098396
3.95748782158
4.44165205956
3.83782601357
3.56247496605
3.65593099594
3.61930918694
3.66520595551
4.7057030201
3.67365312576
3.66735100746
4.09925889969
3.57403802872
3.53274989128
3.56334400177
