batch times pre normalized by hold_sec =,1.0
wer, 63.7077294686
cer, 51.9237032527
bs, 9
hold_idx, -1
cuda, False
avg batch time, 5.16410936673
50%-tile latency, 0.561855898963
99%-tile latency, 0.698786320686
through put, 1.77981578879
data
5.02045702934
4.99649500847
5.76073408127
4.99885606766
5.22164702415
4.99976587296
4.77958703041
4.70033693314
5.65065813065
4.85789108276
5.66943597794
5.33510899544
5.83393096924
5.58354711533
5.07580399513
4.98427987099
6.25083780289
5.1450278759
4.85473895073
4.8571870327
5.06478095055
5.11905908585
5.02173519135
5.14910387993
5.40524792671
5.49885892868
4.99117684364
4.6533908844
5.08892393112
5.05670309067
5.09897089005
5.37895894051
6.12545609474
4.84815382957
4.75361299515
6.18742012978
4.73348093033
5.04360198975
5.10209488869
6.32477903366
5.21506786346
5.34892201424
4.96390795708
5.22625994682
5.03539705276
4.81829595566
4.85437583923
6.27653288841
5.07649493217
4.79982280731
4.90900707245
5.43654489517
5.38723015785
4.86541604996
4.74041485786
5.30736613274
4.90498685837
5.6603679657
4.69425201416
4.80562400818
5.09706306458
5.12118911743
4.71014618874
5.5076751709
4.68418002129
4.73422813416
4.85874509811
5.18730401993
4.79194402695
4.89310002327
6.23400115967
5.03773283958
4.82931995392
4.89195299149
5.18149614334
