batch times pre normalized by hold_sec =,1.0
wer, 74.251497006
cer, 58.6743700851
bs, 1
hold_idx, -1
cuda, False
avg batch time, 2.85767069181
50%-tile latency, 2.84740519524
99%-tile latency, 3.16399580956
through put, 0.351196942983
data
2.9285531044
3.08760499954
3.0972070694
3.07837080956
3.04797291756
3.02431702614
3.03936386108
3.07513689995
2.66654205322
2.60105490685
2.68217802048
2.74038696289
2.745470047
2.76019906998
2.75169110298
2.71275615692
3.01662492752
3.17970299721
2.67113208771
2.96104097366
2.62741708755
3.06179285049
2.67405104637
2.91091513634
2.7751159668
2.77293515205
2.88650584221
2.93475294113
2.9412279129
2.74952793121
2.7066860199
3.08912491798
3.00787901878
3.01044893265
2.6223359108
2.62807798386
2.70253300667
2.74326896667
2.84740519524
2.74537587166
2.74290895462
2.7300260067
3.08878397942
2.86590313911
3.11938095093
3.08923721313
3.08938789368
2.79345417023
2.99047088623
2.60207009315
3.05586409569
2.75894403458
2.72764706612
3.01545381546
2.7949681282
2.95054578781
2.87006020546
3.07515692711
2.85626792908
2.95894289017
2.94407701492
2.78991103172
2.67444396019
2.63496398926
2.64417386055
2.68927407265
2.73894810677
2.8599820137
2.91086006165
2.75136613846
2.78216600418
2.72162485123
2.93980789185
2.60506796837
3.15847706795
