batch times pre normalized by hold_sec =,1.0
wer, 64.1972553832
cer, 52.4619095855
bs, 12
hold_idx, -1
cuda, False
avg batch time, 5.90459998131
50%-tile latency, 0.48109682401
99%-tile latency, 0.681212867498
through put, 2.07858366568
data
11.5991530418
5.6803560257
5.93391013145
6.06154179573
5.72323608398
5.9192841053
6.5247399807
5.73881006241
5.87978696823
5.95446801186
5.76667499542
5.55244803429
5.88167095184
5.85354304314
5.87723183632
5.66255688667
5.33640789986
5.3292081356
5.46931815147
5.6335401535
5.8073451519
5.70232605934
5.78268909454
6.20267605782
5.77316188812
5.82104516029
5.58289504051
5.88986515999
5.55019497871
5.87636399269
5.47753596306
6.1025390625
5.33437895775
5.43519186974
5.58312678337
5.84457802773
6.47105383873
5.46022081375
5.56645107269
5.6778550148
5.72497820854
6.50157904625
6.29392814636
5.29418802261
6.62219285965
5.49669408798
5.62877202034
5.7042388916
5.68016695976
5.6062939167
5.92812108994
5.42364501953
5.94981408119
5.86194705963
5.87001013756
5.91921782494
5.94058680534
6.02451109886
5.77429699898
6.78906106949
5.64561200142
6.05560588837
5.55982112885
5.42676496506
5.39048886299
5.31316995621
6.97131705284
6.95135498047
5.66880702972
5.59046006203
5.83634495735
6.7385571003
5.69747900963
5.7292881012
5.91630387306
