batch times pre normalized by hold_sec =,1.0
wer, 63.8136088906
cer, 51.8588853992
bs, 7
hold_idx, -1
cuda, False
avg batch time, 4.66442562739
50%-tile latency, 0.654181446348
99%-tile latency, 0.829273235457
through put, 1.52862788387
data
4.75651311874
4.44318389893
4.44118881226
5.29800200462
5.83605408669
4.79377818108
4.70183515549
4.36915707588
4.62219715118
4.65471601486
4.40674591064
4.59280896187
4.64561319351
5.48131608963
4.32171297073
4.54094290733
4.3480989933
4.59308409691
4.45146107674
5.79397106171
5.14979600906
4.5818798542
5.29427218437
4.65643405914
4.67866396904
4.44662499428
4.3317668438
4.49529504776
4.32788109779
4.63678717613
4.814453125
4.48690581322
4.60324311256
5.21315002441
5.2892870903
4.3147649765
4.41299891472
4.29533290863
5.1973938942
4.50857782364
4.93436717987
4.60076212883
4.35993719101
4.61414480209
4.74906396866
4.52076196671
5.08898496628
4.96710395813
5.30995106697
4.36867403984
4.37652206421
4.3360221386
4.48180699348
4.35132598877
5.22484278679
4.44294500351
4.38429808617
4.36463117599
4.41387677193
4.32892894745
5.12005019188
4.52262306213
4.89712810516
4.54802203178
4.31198716164
4.63766479492
4.71031785011
4.54682207108
4.63411092758
4.39511013031
4.35464310646
4.48166894913
4.39031481743
4.57927012444
4.6553478241
