batch times pre normalized by hold_sec =,1.0
wer, 68.5903684929
cer, 55.3904024542
bs, 7
hold_idx, -1
cuda, False
avg batch time, 5.50326396624
50%-tile latency, 0.776420729501
99%-tile latency, 0.930725655556
through put, 1.28796149047
data
5.59329009056
6.44892907143
5.28253912926
5.14095282555
5.14381098747
5.30585885048
5.15453505516
5.56907296181
6.49542093277
5.42015600204
5.53921890259
4.95229196548
5.48131108284
5.45227384567
6.04668998718
4.9292049408
5.78448820114
5.70829105377
5.74550199509
5.08366990089
5.32780003548
5.50604701042
5.69533896446
5.11426401138
5.99157905579
5.22643613815
5.43494510651
5.13092398643
5.24914312363
5.17410707474
5.33716797829
5.18593192101
6.5055410862
5.52144598961
5.51474094391
5.73586988449
5.04049992561
5.36611700058
5.19079899788
6.5138669014
5.26262784004
5.51709198952
5.70415186882
5.70496201515
5.21996092796
5.36072087288
5.14763212204
5.50765705109
5.5194849968
5.10433411598
6.22072005272
6.10096096992
5.90147900581
5.31455087662
6.1952521801
5.43404507637
5.27269792557
5.45004320145
5.62478494644
5.06591200829
5.3036608696
5.13606500626
5.26144099236
6.47932314873
5.25453901291
5.22303795815
5.47514796257
5.17736291885
6.51853108406
5.1272521019
5.53851819038
5.05208420753
5.45932602882
5.49495100975
5.57441401482
