batch times pre normalized by hold_sec =,1.0
wer, 73.5753676471
cer, 60.252244549
bs, 3
hold_idx, -1
cuda, False
avg batch time, 4.43445942561
50%-tile latency, 1.43917067846
99%-tile latency, 1.83385981401
through put, 0.694844617785
data
4.51774096489
5.1001830101
4.54562211037
4.28479599953
5.50099110603
4.31950497627
4.82165884972
4.39325714111
4.11067390442
4.31751203537
4.71689391136
4.28386902809
4.62281394005
4.33409786224
4.70494294167
4.33081293106
4.75457787514
4.32107520103
4.72462701797
4.22523212433
4.72175884247
4.28976011276
4.74635100365
4.23245406151
4.68118810654
3.94568896294
4.29442811012
4.0862429142
4.26837396622
4.77114200592
4.23994588852
4.10179281235
4.08918714523
4.37891316414
4.60245513916
4.31972408295
5.50325393677
4.15907788277
4.08323097229
4.41473984718
4.60874605179
5.31987309456
4.09705090523
4.2260529995
3.95411896706
4.11757707596
4.28851103783
4.10118198395
4.17624306679
4.11722803116
4.11691212654
4.23747205734
4.1179330349
4.10973286629
4.2599158287
4.09384989738
4.25911211967
4.31753516197
4.30356502533
4.25343894958
4.78597998619
4.2572479248
4.1716799736
4.33751106262
4.72068095207
4.90913295746
4.05770897865
4.27239394188
4.84240293503
4.36774396896
5.31484699249
5.26199007034
4.33782887459
4.75606203079
4.25460410118
