batch times pre normalized by hold_sec =,1.0
wer, 76.3185840708
cer, 62.3914187944
bs, 2
hold_idx, -1
cuda, False
avg batch time, 4.20625787099
50%-tile latency, 2.0532450676
99%-tile latency, 2.5012338233
through put, 0.487033922926
data
4.16137099266
4.41142201424
4.11496400833
4.45191788673
4.99696111679
3.86604714394
3.8073990345
4.7996609211
3.92911815643
4.93979001045
3.91311788559
4.00752997398
4.14974188805
4.29559707642
4.09528899193
4.55335307121
3.9242169857
4.13158798218
3.90861201286
3.9126200676
4.36109900475
3.91452002525
4.93050885201
4.52010607719
4.02881193161
4.66796302795
3.91709899902
4.09297394753
4.46186518669
4.01549100876
3.99691009521
4.25045895576
4.06516885757
3.94557595253
4.29026985168
4.18132615089
4.19465899467
3.88550686836
4.05057883263
4.09228801727
4.84539103508
4.47160100937
3.91621303558
4.17515301704
4.45698308945
4.84201002121
4.49552798271
4.15186309814
4.17220687866
3.89378118515
4.03661704063
4.05723905563
3.90041899681
5.01814007759
3.86923599243
4.03210711479
3.97094202042
3.88927197456
4.91372704506
3.78004384041
3.90648889542
4.08484578133
4.40624403954
4.1801841259
4.10649013519
4.41755795479
4.09821200371
4.54891991615
3.89846205711
3.95950102806
4.12963891029
4.11247491837
4.07731199265
4.42024707794
4.00079011917
