batch times pre normalized by hold_sec =,1.0
wer, 67.8844519966
cer, 54.9403394589
bs, 8
hold_idx, -1
cuda, False
avg batch time, 5.75323890686
50%-tile latency, 0.707252144814
99%-tile latency, 0.858758968115
through put, 1.41392289487
data
6.86816310883
6.47028899193
5.50474691391
5.65801715851
5.48385000229
5.82431411743
5.8315808773
5.83288311958
5.90180516243
6.72270011902
5.41228294373
5.82844305038
5.78728413582
5.75346207619
5.76521611214
5.20311713219
5.60919117928
5.50386595726
6.26319503784
5.68728518486
6.43714094162
5.49879193306
6.20598101616
5.60239100456
5.54992198944
5.78907990456
6.68787312508
5.74135303497
5.46306610107
5.71738195419
5.38171005249
6.87550401688
5.80561995506
5.75922489166
5.26486110687
5.19537901878
5.46990799904
5.55937600136
5.4797129631
5.46699595451
5.94543099403
5.75863099098
5.22130393982
5.41156220436
5.55168581009
5.70723795891
6.28473305702
5.51772999763
5.88560509682
5.27604413033
5.63879299164
5.27888202667
5.45148205757
6.78426289558
5.32991099358
5.54237580299
5.56690192223
5.41669487953
5.80368494987
5.47567105293
5.83399605751
5.85678982735
5.250841856
5.44914197922
5.59499311447
5.5405061245
5.81165504456
5.87304496765
6.57931399345
5.45313215256
5.48812699318
5.89090490341
5.93210983276
6.83505702019
5.39171504974
