batch times pre normalized by hold_sec =,1.0
wer, 68.197737069
cer, 55.4174448539
bs, 10
hold_idx, -1
cuda, False
avg batch time, 6.17017531713
50%-tile latency, 0.607624101639
99%-tile latency, 0.745341294765
through put, 1.64575433611
data
6.49292397499
6.43957781792
6.37892007828
6.27133178711
7.4678800106
6.30816793442
5.82170391083
5.83308792114
6.27820706367
5.59515690804
5.697909832
5.90979504585
6.05854797363
5.7815079689
6.12059688568
6.35872387886
6.25558805466
6.32627296448
5.86933803558
6.02700209618
6.28299593925
6.21865415573
6.07624101639
6.02439212799
5.95616602898
5.84372901917
6.42854213715
5.58169698715
5.81796693802
5.89313292503
6.85426497459
6.47063207626
6.2927339077
6.16591501236
6.88405489922
5.89889121056
5.75271987915
6.02548193932
6.97236680984
6.28481912613
6.47422099113
5.93455410004
6.04832291603
6.11278986931
6.09545898438
6.05007100105
6.0100300312
6.00319385529
5.99313521385
6.50098800659
5.77617788315
5.87245392799
5.84418988228
5.8397359848
6.34255313873
5.76811099052
5.80338406563
5.88734817505
5.72400593758
5.82565808296
6.3708589077
6.00271201134
7.44832992554
6.12579798698
6.8314499855
6.30393600464
6.52503085136
6.57183098793
6.57797193527
5.91129302979
5.88708996773
6.65959692001
6.52424192429
6.31424403191
5.78474402428
