batch times pre normalized by hold_sec =,1.0
wer, 68.3532299453
cer, 55.5216742029
bs, 12
hold_idx, -1
cuda, False
avg batch time, 6.93247494062
50%-tile latency, 0.575430929661
99%-tile latency, 0.683956009547
through put, 1.73782803192
data
7.71984910965
8.15871405602
6.67391109467
6.42102599144
6.20611095428
6.16538381577
6.95763683319
6.58501601219
6.58452701569
8.34624505043
6.2832930088
6.90395307541
6.81635785103
7.21551203728
7.02193880081
7.95864701271
6.9452791214
7.08866882324
6.31001400948
7.0401699543
7.91406583786
7.50089693069
6.40822005272
7.09584999084
6.66967606544
6.53662014008
6.29776906967
7.11509513855
6.84318685532
7.10887312889
7.01048398018
6.67403292656
6.29072284698
6.97443699837
6.80322813988
7.06333708763
6.10503792763
7.12171602249
6.62584900856
8.0365550518
7.26846408844
7.98694205284
6.52847313881
7.09272289276
6.85009002686
8.032310009
7.08962702751
6.3466989994
7.08056879044
6.79017710686
6.30369400978
7.88850712776
7.09232401848
7.88793087006
6.58411884308
7.08911800385
7.58075881004
7.21142196655
6.87703299522
6.96935892105
6.25286197662
7.01808094978
6.67441797256
6.69311189651
6.09873199463
6.0953040123
7.04500317574
7.70801997185
6.20276594162
6.90517115593
6.52413678169
6.30267596245
7.02052998543
6.71346712112
6.53309512138
