batch times pre normalized by hold_sec =,1.0
wer, 68.294322557
cer, 55.5010993038
bs, 11
hold_idx, -1
cuda, False
avg batch time, 6.60804927508
50%-tile latency, 0.600188363682
99%-tile latency, 0.716869396296
through put, 1.66614359843
data
6.92232608795
6.95152115822
6.8358309269
6.44353508949
6.56744503975
6.27587795258
6.04187512398
5.99826812744
5.97446584702
6.78026008606
6.86118102074
6.89365792274
7.05264210701
6.37404298782
6.29670095444
6.87248897552
7.15037584305
7.40651607513
6.80718302727
6.65149688721
7.88287496567
6.61562180519
6.62760901451
7.69562196732
6.61816287041
6.24605417252
6.23508810997
5.97653985023
5.98150396347
6.78314518929
7.04548692703
6.22657394409
6.07914209366
7.62465882301
6.40464091301
6.41602897644
6.03278112411
6.76947689056
6.6020720005
6.36546897888
6.20827198029
6.05640006065
6.10287499428
6.2665989399
5.85291600227
7.20429611206
6.27259087563
6.85566115379
6.86365699768
7.25421118736
6.06681513786
6.65394496918
6.58320689201
6.66724300385
6.33500695229
7.69714403152
6.53894996643
6.22154903412
6.15047216415
6.69806909561
6.00295209885
6.82037591934
6.47452902794
6.98364400864
6.77900695801
6.59200000763
7.89321494102
6.95909810066
6.29963612556
6.18272686005
6.11022400856
6.27696800232
6.63100194931
6.62742209435
7.03477215767
