batch times pre normalized by hold_sec =,1.0
wer, 83.6612489307
cer, 66.4259348419
bs, 1
hold_idx, -1
cuda, False
avg batch time, 3.18629693985
50%-tile latency, 3.12819981575
99%-tile latency, 3.54373746395
through put, 0.31967267403
data
3.54555416107
3.16243004799
3.14803886414
3.14634799957
3.12407398224
3.18663191795
3.11649394035
3.14105892181
3.1260240078
3.30542111397
3.231746912
3.14166688919
3.12819981575
3.11997199059
3.0979809761
3.13532090187
3.19108390808
3.13225579262
3.15793800354
3.53389787674
3.05611395836
3.06856584549
3.06983304024
3.08765006065
3.05225300789
3.06278705597
3.08157682419
3.07826113701
3.07462000847
3.51283192635
3.0709168911
3.54309916496
3.12434005737
3.46434092522
3.41561102867
3.31161689758
3.2692360878
3.11962103844
3.14071583748
3.10436797142
3.21687602997
3.10170698166
3.39811491966
3.09605002403
3.07570719719
3.05494594574
3.07098197937
3.09251284599
3.08875918388
3.0739197731
3.08584713936
3.08151507378
3.07589292526
3.14782309532
3.09380102158
3.08780694008
3.08099317551
3.53681206703
3.0955388546
3.10424518585
3.53975009918
3.12136912346
3.10527801514
3.15539717674
3.13471007347
3.20244717598
3.38950896263
3.50681304932
3.18128204346
3.21543002129
3.27381300926
3.14302682877
3.09201192856
3.52677488327
3.14431095123
