batch times pre normalized by hold_sec =,1.0
wer, 74.3508454106
cer, 60.3888471941
bs, 9
hold_idx, -1
cuda, False
avg batch time, 6.62076726278
50%-tile latency, 0.719687885708
99%-tile latency, 0.895569824113
through put, 1.38949122232
data
6.60192298889
6.63605117798
6.62310218811
6.38590788841
8.10649609566
6.44576001167
6.40055298805
6.36855816841
6.97464895248
7.21342992783
6.19833803177
6.06053113937
7.47244310379
6.47719097137
6.24969100952
6.13175487518
6.11722397804
6.09511899948
7.75500798225
7.05635213852
6.99112915993
6.99273204803
6.96767401695
6.82800292969
6.51942491531
6.94930005074
6.96645593643
6.86241292953
6.35425400734
6.18182301521
6.13717007637
7.01646494865
6.5038049221
6.41278195381
6.28353309631
6.98956990242
6.87676095963
6.40275788307
6.29140710831
6.19961094856
6.18982505798
6.11746311188
7.596752882
6.32202196121
6.25268697739
6.10809397697
6.98747515678
6.63770699501
6.38405394554
6.13500285149
8.04383707047
6.44107699394
6.94976806641
6.08952784538
6.86818313599
6.68378186226
6.35778594017
6.20918297768
6.08893585205
6.97946810722
7.00365495682
7.98352503777
6.66936802864
6.88194394112
6.04410099983
6.124355793
6.52628183365
6.67316699028
6.42181897163
6.32187700272
6.21763896942
6.07463216782
6.94657111168
6.68287086487
6.44595384598
