batch times pre normalized by hold_sec =,1.0
wer, 75.1023591343
cer, 60.9305383098
bs, 7
hold_idx, -1
cuda, False
avg batch time, 6.22452073097
50%-tile latency, 0.874015978404
99%-tile latency, 1.06620991911
through put, 1.14414384257
data
6.33757805824
6.36442399025
6.79459691048
6.0265879631
6.4449968338
6.54314684868
6.4208240509
6.19359302521
6.11811184883
6.01354813576
6.7246928215
5.75534105301
5.81903195381
6.70283913612
7.37711310387
6.08790588379
6.05516886711
6.24682998657
7.70925283432
6.44774508476
6.12109184265
6.36842513084
5.94174313545
5.92816781998
5.92193102837
5.84926581383
5.87843704224
6.02954697609
6.40606808662
5.79828619957
6.50169897079
5.78329086304
6.48311495781
6.4644241333
7.0404510498
6.26110887527
6.75380396843
5.5509250164
6.47857785225
6.08508110046
6.42117595673
6.24612689018
6.81492996216
5.90084004402
5.85487890244
5.98221802711
6.28249502182
5.77668404579
5.77304387093
5.82770490646
5.90695405006
6.37112522125
5.70929884911
5.78267502785
6.52696704865
6.49836492538
7.11759996414
5.93958091736
5.99677491188
6.02318286896
5.98821592331
7.21899199486
6.47704911232
6.38909506798
6.3012650013
6.57662701607
5.87023210526
5.95858311653
5.92191886902
5.8631439209
6.63104701042
5.71212005615
5.65353298187
5.8146147728
5.88122820854
