batch times pre normalized by hold_sec =,1.0
wer, 94.0119760479
cer, 75.252768416
bs, 1
hold_idx, -1
cuda, False
avg batch time, 3.6466447258
50%-tile latency, 3.5461139679
99%-tile latency, 4.03112621784
through put, 0.281998832822
data
4.0528459549
3.55744791031
3.54829597473
3.70051789284
3.51433491707
3.84747409821
3.52277088165
3.53816103935
3.53327798843
3.80243206024
3.50878405571
3.5178539753
3.51264810562
4.02349495888
3.7324848175
3.51439285278
3.88447618484
3.54393815994
3.51551508904
4.01812314987
3.74206900597
3.9517929554
3.97666597366
3.78996801376
3.51992201805
3.52307510376
3.52608394623
3.98216295242
3.50920295715
3.52485895157
3.65421009064
3.5461139679
3.99415802956
3.83697485924
3.45016694069
3.58662605286
3.49371290207
3.99735808372
4.01989817619
3.65463900566
3.51171994209
4.00047087669
3.5227599144
3.51173186302
3.52885699272
3.53512001038
3.50966310501
3.51499509811
3.5373749733
3.91229915619
3.52092695236
3.51680207253
3.58829307556
3.54313397408
3.56593418121
3.51561808586
3.52686095238
3.71088314056
3.57638788223
3.52616715431
3.52150392532
3.93019199371
3.72517299652
3.57757687569
3.52528905869
3.56656908989
3.72128081322
3.51831793785
3.52743387222
3.51586389542
3.51456904411
3.54888510704
3.56300806999
3.84893918037
3.54882311821
