batch times pre normalized by hold_sec =,1.0
wer, 80.2619485294
cer, 66.0752458316
bs, 3
hold_idx, -1
cuda, False
avg batch time, 5.01375163078
50%-tile latency, 1.60752431552
99%-tile latency, 2.05237377644
through put, 0.622074571655
data
5.50720500946
5.15908098221
5.11477017403
5.06470990181
5.1785569191
5.16670608521
5.04554986954
4.64594507217
4.82257294655
5.07176113129
4.81332397461
5.62282299995
5.04566717148
4.68540787697
4.76393699646
6.09648895264
5.1803689003
4.72394609451
4.66758394241
4.70478582382
5.08400607109
4.63157296181
4.82365894318
4.5222120285
4.72718882561
4.62883901596
6.14003491402
4.69278407097
4.79981708527
5.04896807671
4.83335399628
4.60957407951
4.6982998848
4.73535203934
4.62152504921
4.87467598915
6.13694906235
4.74825906754
5.62320208549
5.63666605949
5.53573918343
4.56851100922
4.76149702072
4.63534712791
4.6846010685
5.10504102707
5.208974123
4.67066216469
4.77040314674
5.19181799889
4.67403507233
4.58288598061
4.71704697609
5.61402797699
5.45569109917
5.18781018257
4.78094911575
5.07041597366
5.16916298866
4.83153414726
5.08504319191
5.15982699394
4.75516295433
4.59264588356
4.67212510109
4.64894008636
4.61807489395
5.62932705879
4.59674596786
4.73734784126
4.68893408775
4.63050889969
6.02535200119
6.2057518959
6.0713019371
