batch times pre normalized by hold_sec =,1.0
wer, 76.2277388019
cer, 62.6929891167
bs, 5
hold_idx, -1
cuda, False
avg batch time, 5.61973464012
50%-tile latency, 1.12013516426
99%-tile latency, 1.33603717232
through put, 0.892749403738
data
6.19364404678
5.89364910126
5.18122410774
5.57810807228
5.6006758213
5.60734391212
5.64010500908
5.63037896156
5.13453602791
6.62224006653
5.20185399055
5.45337796211
5.32279586792
5.24206209183
5.09665513039
6.02682304382
5.36321616173
5.27921509743
6.47752308846
5.16171193123
6.30241703987
5.57037711143
5.39966678619
5.85548996925
5.82642602921
5.50038695335
5.36730408669
5.15903902054
5.98599791527
5.46477413177
5.1364440918
5.68092107773
5.55401396751
5.21171617508
5.62027788162
5.72077894211
5.14553499222
5.67110514641
5.4928560257
5.18934893608
5.61212301254
6.66746401787
6.31053590775
5.70843100548
5.54196596146
5.63820815086
5.65625810623
5.20848608017
5.40133309364
5.17997097969
5.66130208969
5.09406709671
6.06459403038
5.32126188278
5.45136499405
6.42406702042
5.3789100647
5.68645405769
5.70277714729
5.64313006401
5.09788203239
5.3850300312
5.77023601532
6.07550501823
6.10885906219
5.2848379612
6.5732729435
5.16743516922
6.71639418602
5.94507694244
5.65154790878
5.64803218842
5.6567940712
5.08732199669
5.39715194702
