batch times pre normalized by hold_sec =,5.0
wer, 741.066666667
cer, 146.263157895
bs, 48
hold_idx, 2510
cuda, False
avg batch time, 1.6952847304
99%-tile latency, 2.00040039778
through put, 28.3138278421
data
2.05773239136
1.98660979271
1.9817358017
1.99432382584
1.9768599987
1.54830899239
1.85325317383
1.97201519012
1.98148698807
1.96763119698
1.99937143326
1.40579676628
1.97515683174
1.98310537338
1.70487923622
1.96332640648
1.98126001358
1.9744436264
1.77397279739
1.9685046196
1.76634817123
1.98696737289
1.97421040535
1.96985859871
2.00058197975
1.60271401405
1.9684237957
1.38483638763
1.8087351799
1.71466460228
1.63115162849
1.97688136101
1.74435181618
1.38667459488
1.40505180359
1.46269698143
1.53070697784
1.44373259544
1.48163657188
1.8931429863
1.69586958885
1.62511458397
1.97245602608
1.74375357628
1.9751147747
1.80477399826
1.38405418396
1.37943000793
1.38022060394
1.38683981895
1.38605880737
1.97876601219
1.97350902557
1.97296280861
1.46751661301
1.98162760735
1.96734061241
1.38004717827
1.97612962723
1.98219981194
1.51292700768
1.97454237938
1.96696896553
1.96877779961
1.98003983498
1.99128336906
1.97997322083
1.38293299675
1.38299441338
1.38044900894
1.38331122398
1.38789143562
1.38329677582
1.3829832077
1.38648319244
1.37902579308
1.38083720207
1.38056998253
1.38412723541
1.38664135933
1.38382120132
1.38347921371
1.38441538811
1.39300642014
1.38990602493
1.38669142723
1.97693338394
1.3858684063
1.96354022026
1.38844799995
1.96833143234
1.95964422226
1.76646180153
1.60043458939
1.96887583733
1.73400197029
1.98452138901
1.99226999283
1.38032736778
1.38628358841
1.38597459793
1.37907643318
1.38582100868
1.38307380676
1.38543000221
1.38171782494
1.38368878365
1.38889579773
1.97287940979
1.98547263145
1.8749268055
1.97511138916
1.992582798
1.9895321846
1.50371060371
1.55488882065
