batch times pre normalized by hold_sec =,5.0
wer, 741.066666667
cer, 146.263157895
bs, 64
hold_idx, 2510
cuda, False
avg batch time, 2.24353240112
99%-tile latency, 2.8020050602
through put, 28.5264433748
data
2.79040336609
2.37074260712
1.88765859604
1.88938941956
1.88731679916
1.88614797592
1.88963336945
2.72979278564
1.94299640656
2.73213119507
2.61202039719
2.11803297997
1.89234719276
2.71467661858
2.72069239616
2.04151120186
1.8800839901
2.69705681801
1.8810614109
1.8896437645
2.22716221809
1.88957638741
1.88780059814
1.88204202652
1.89167499542
1.89621715546
1.88470935822
2.77173056602
2.87327260971
2.28739857674
1.88776698112
2.74591259956
2.62944421768
2.76406641006
2.75763859749
2.76918759346
2.75570201874
1.89540681839
1.9009344101
1.89232182503
1.88883461952
1.8883699894
1.89191918373
2.4401632309
1.89207243919
1.88567857742
1.89627280235
1.88768897057
1.89120841026
2.28764381409
2.27560281754
1.96362261772
2.18125162125
2.72332777977
2.75812082291
1.88846359253
2.71001119614
1.88104019165
2.70362701416
2.53362436295
2.14428076744
1.89446959496
1.89059143066
2.7408244133
2.03003377914
2.26513338089
2.72409520149
2.32795162201
1.89132976532
1.8886780262
1.8908370018
2.18413982391
2.7434648037
2.7884344101
2.22918901443
2.2375202179
2.61835236549
1.88886899948
1.89188036919
2.72311258316
2.78722419739
2.74116783142
2.29819321632
2.41628479958
2.71955757141
2.20921359062
1.61064081192
