batch times pre normalized by hold_sec =,2.0
wer, 0.0
cer, 0.0
bs, 12
hold_idx, 86
cuda, False
avg batch time, 1.92493775765
50%-tile latency, 0.160216917594
99%-tile latency, 0.164782565931
through put, 6.24153812853
data
2.01176345348
1.92148399353
1.94429051876
1.925598979
1.91096150875
1.92022502422
1.92508900166
1.91480898857
1.91919505596
1.91764855385
1.9234995842
1.92521095276
1.9415384531
1.93188202381
1.92073345184
1.92277050018
1.92940151691
1.91923844814
1.92038345337
1.92830896378
1.93443500996
1.93437945843
1.9173374176
1.9464840889
1.93737447262
1.91357898712
1.93532752991
1.91348397732
1.91526448727
1.92449295521
1.92584645748
1.9149569273
1.92386603355
1.92041599751
1.9473824501
1.94827795029
1.93676900864
1.93714845181
1.92242956161
1.9231210947
1.9127175808
1.92123150826
1.92681145668
1.91077804565
1.93279755116
1.92437756062
1.91008853912
1.93505549431
1.92998206615
1.91979598999
1.93525850773
1.91043651104
1.91740095615
1.92561304569
1.91229891777
1.91325199604
1.92853450775
1.92343604565
1.92467403412
1.92954599857
1.92035198212
1.9343624115
1.9218480587
1.92600703239
1.93026649952
1.91667056084
1.94781148434
1.92479205132
1.92148852348
1.90699708462
1.91163647175
1.90816903114
1.91466593742
1.92150354385
1.91937410831
1.915397048
1.92675447464
1.91672456264
1.91939842701
1.9188439846
1.91367101669
1.92807304859
1.9254335165
1.94264698029
1.94444298744
1.92630147934
1.93368399143
1.9228130579
1.92371094227
1.91561508179
1.93155694008
1.9191750288
1.91985702515
1.94028151035
1.95238447189
1.9245865345
1.90366292
1.92337095737
1.90236902237
1.91904556751
1.97719800472
1.92637550831
1.9219224453
1.92236101627
1.92336499691
1.9301995039
1.92131650448
1.92756843567
1.92391145229
1.92534244061
1.92640948296
1.91180753708
1.97757601738
1.94426560402
1.9202259779
1.91971099377
1.9308450222
1.91797697544
1.91339850426
1.91026258469
1.92281699181
1.91398000717
1.91615200043
1.92803049088
1.96500396729
1.94335854053
1.91609501839
1.92529404163
1.90814650059
1.91356909275
1.9316085577
1.92243397236
1.91557955742
1.91971802711
1.93658554554
1.90656650066
1.91698491573
1.91252946854
1.93710649014
1.9055005312
1.90981853008
1.92151558399
1.92740297318
1.92243552208
1.94653153419
1.92116951942
1.90098142624
1.91677439213
1.90640151501
1.91229701042
