batch times pre normalized by hold_sec =,2.0
wer, 0.0
cer, 0.0
bs, 3
hold_idx, 86
cuda, False
avg batch time, 0.508449970881
50%-tile latency, 0.168942828973
99%-tile latency, 0.17470946908
through put, 5.91916215727
data
0.559542536736
0.526717543602
0.515124440193
0.52108001709
0.509150981903
0.506951570511
0.506594061852
0.50441300869
0.509008049965
0.506263971329
0.513426542282
0.505714535713
0.508036971092
0.509393572807
0.507491588593
0.506912946701
0.507058024406
0.510321974754
0.514096021652
0.514153957367
0.511305093765
0.50622355938
0.506084561348
0.505304455757
0.504685521126
0.505151033401
0.504046559334
0.504549503326
0.50621342659
0.515417933464
0.50721347332
0.508905053139
0.5063829422
0.506249904633
0.506876468658
0.506084442139
0.505913496017
0.506498932838
0.507271051407
0.50518155098
0.507028460503
0.507225513458
0.505021572113
0.505641460419
0.505535006523
0.504395008087
0.507130503654
0.505572557449
0.511057019234
0.505831480026
0.508396029472
0.506751418114
0.506795525551
0.505364537239
0.503757476807
0.505698442459
0.505221009254
0.506741523743
0.50736951828
0.515440106392
0.518870949745
0.509323954582
0.507070064545
0.508113026619
0.504627466202
0.505574941635
0.506217002869
0.50682592392
0.505533456802
0.505542516708
0.505251526833
0.512030482292
0.506207466125
0.506767511368
0.503079533577
0.508172035217
0.506452918053
0.506727576256
0.506835460663
0.507300496101
0.512681007385
0.5048609972
0.507017493248
0.514626979828
0.511271953583
0.515204429626
0.514279484749
0.513254523277
0.517580986023
0.517007946968
0.519684076309
0.516610980034
0.521433591843
0.521064519882
0.509828448296
0.512254476547
0.509361028671
0.506343007088
0.503467559814
0.506187438965
0.506352543831
0.506711959839
0.508199572563
0.516942977905
0.508350491524
0.505464553833
0.507490515709
0.508144974709
0.506016969681
0.504902482033
0.505612492561
0.50611448288
0.505180001259
0.506548523903
0.507620930672
0.507863521576
0.506831049919
0.507067918777
0.506031513214
0.507822036743
0.506701588631
0.506649017334
0.50596344471
0.506965994835
0.509389042854
0.50539958477
0.506906986237
0.507146477699
0.505913972855
0.504716515541
0.505572557449
0.507344484329
0.507295489311
0.507609009743
0.508948922157
0.506978988647
0.505678534508
0.504596471786
0.504257559776
0.506505012512
0.505146026611
0.505086541176
0.506919980049
0.503507971764
0.507060527802
0.507882595062
0.505799055099
0.506264567375
0.504262089729
0.506226420403
