batch times pre normalized by hold_sec =,2.0
wer, 0.0
cer, 0.0
bs, 11
hold_idx, 86
cuda, False
avg batch time, 1.88349018812
50%-tile latency, 0.170841791413
99%-tile latency, 0.177716966759
through put, 5.85336873214
data
1.96879899502
1.89995801449
1.88501596451
1.91594052315
1.89431250095
1.90073108673
1.9005844593
1.89012753963
1.88402843475
1.87091505527
1.87252092361
1.8789794445
1.88677895069
1.89227044582
1.8737770319
1.87857353687
1.88591003418
1.88531851768
1.87346446514
1.87638401985
1.88727653027
1.88054895401
1.88808095455
1.89520251751
1.89943408966
1.88480639458
1.87774097919
1.8783724308
1.90646207333
1.87905299664
1.90048146248
1.87559950352
1.89367043972
1.87484848499
1.87458395958
1.88389754295
1.88082659245
1.88257551193
1.87353801727
1.86244702339
1.93361902237
1.91197359562
1.86654496193
1.87324154377
1.87862098217
1.86723148823
1.88155949116
1.88743293285
1.89076352119
1.86426198483
1.86738550663
1.89927852154
1.92335748672
1.88625001907
1.88311851025
1.96468043327
1.94469308853
1.92656290531
1.89001941681
1.8877530098
1.87496745586
1.89123857021
1.8944350481
1.90735793114
1.89496994019
1.87335550785
1.89623200893
1.87963700294
1.8656989336
1.8774034977
1.88592195511
1.89716947079
1.8893840313
1.88613951206
1.87557053566
1.89805400372
1.88799750805
1.87461197376
1.88323199749
1.87172043324
1.87228405476
1.8689699173
1.86521947384
1.87772095203
1.87789297104
1.89450490475
1.87388908863
1.86593842506
1.87693548203
1.88500058651
1.88395357132
1.86999249458
1.86729896069
1.87206554413
1.86739695072
1.87836945057
1.86671698093
1.86939299107
1.88451850414
1.88495397568
1.87934505939
1.89833498001
1.86904799938
1.88018393517
1.8890529871
1.87181448936
1.8702275753
1.8909175396
1.88526654243
1.86579847336
1.86270844936
1.87246453762
1.87928950787
1.86431956291
1.87055742741
1.87855398655
1.86448097229
1.86344242096
1.87531399727
1.89347302914
1.87042748928
1.87058603764
1.87505543232
1.86658191681
1.87081849575
1.87744295597
1.88075602055
1.87393558025
1.8718944788
1.91178405285
1.90280997753
1.87410449982
1.86253547668
1.87826550007
1.8941565752
1.87922990322
1.87642347813
1.88319206238
1.87478351593
1.88017857075
1.87302696705
1.87114751339
1.86582398415
1.88560652733
1.90696001053
1.87844359875
1.86064708233
1.88839054108
1.86957406998
1.89405500889
