batch times pre normalized by hold_sec =,2.0
wer, 0.0
cer, 0.0
bs, 1
hold_idx, 86
cuda, False
avg batch time, 0.43377833128
50%-tile latency, 0.433380007744
99%-tile latency, 0.447423269749
through put, 2.30744377251
data
0.470064997673
0.446071028709
0.432144522667
0.436732411385
0.434671998024
0.431686997414
0.431762099266
0.431362509727
0.433499932289
0.434394001961
0.43195605278
0.432087540627
0.434464454651
0.432852506638
0.432999014854
0.431956529617
0.434682011604
0.43406355381
0.430395007133
0.435257554054
0.434618592262
0.433602571487
0.430079579353
0.431632399559
0.43544447422
0.433819055557
0.432819962502
0.434926509857
0.432108521461
0.432931423187
0.428492069244
0.435445547104
0.434882521629
0.434792041779
0.431910037994
0.434329032898
0.432741522789
0.433654546738
0.43152153492
0.432235956192
0.431718945503
0.432741999626
0.431246519089
0.433432102203
0.433627486229
0.432522416115
0.429690957069
0.43454349041
0.433766484261
0.434354066849
0.430281996727
0.433969974518
0.433721542358
0.431998968124
0.431617975235
0.434260964394
0.435219049454
0.433151483536
0.432168006897
0.433784008026
0.439561486244
0.435675978661
0.433313012123
0.432768464088
0.433273434639
0.432126522064
0.433714032173
0.43262398243
0.43690598011
0.433803081512
0.432018041611
0.433608055115
0.434100031853
0.436120510101
0.431011915207
0.433127522469
0.432277441025
0.433997988701
0.432348489761
0.432621002197
0.433633923531
0.434800982475
0.435625076294
0.434552550316
0.436365962029
0.437512993813
0.431736469269
0.434670448303
0.436207532883
0.433968424797
0.434242486954
0.431218981743
0.432470560074
0.434049487114
0.433088064194
0.435063481331
0.4332280159
0.435331940651
0.433186531067
0.432267427444
0.435021519661
0.433077573776
0.434767484665
0.430770993233
0.433104515076
0.434588551521
0.433744072914
0.435276985168
0.430829048157
0.432124018669
0.434532523155
0.432611584663
0.433290481567
0.436097502708
0.431742429733
0.430279493332
0.438825011253
0.448722481728
0.443536996841
0.441911458969
0.434291005135
0.436858057976
0.43564593792
0.433097958565
0.434219002724
0.431185603142
0.430809497833
0.43356347084
0.434413552284
0.433327913284
0.43539249897
0.430972933769
0.4348269701
0.431519031525
0.434673905373
0.431335449219
0.433822989464
0.432956933975
0.432402014732
0.432433485985
0.434849500656
0.433609485626
0.431485533714
0.428665399551
0.429223418236
0.429184556007
0.428570985794
0.430433511734
0.428485989571
0.428508996964
