batch times pre normalized by hold_sec =,2.0
wer, 0.0
cer, 0.0
bs, 10
hold_idx, 86
cuda, False
avg batch time, 1.84581517458
50%-tile latency, 0.184347695112
99%-tile latency, 0.188178499579
through put, 5.42453215589
data
1.9281014204
1.8532409668
1.84094548225
1.85513651371
1.85777902603
1.85617852211
1.84839498997
1.8408010006
1.84203755856
1.87328600883
1.85047602654
1.85580956936
1.85211908817
1.86387395859
1.851790905
1.84086799622
1.84944701195
1.83762156963
1.84756195545
1.85121107101
1.85868501663
1.85406553745
1.83503353596
1.85275495052
1.85517048836
1.83067405224
1.83506298065
1.83045756817
1.84235298634
1.83890450001
1.8476524353
1.83418250084
1.82687699795
1.86117696762
1.86189246178
1.85237944126
1.8567019701
1.82458293438
1.84457397461
1.83351945877
1.85411953926
1.84081351757
1.83606994152
1.86453950405
1.84103894234
1.83693552017
1.84646606445
1.84442555904
1.85146105289
1.84770405293
1.84778857231
1.84374248981
1.83961701393
1.83706891537
1.84346842766
1.8438744545
1.83683943748
1.85920643806
1.85150301456
1.8344835043
1.83516550064
1.83462750912
1.8353099823
1.8721164465
1.84573042393
1.83916044235
1.83093047142
1.82499444485
1.83974659443
1.84655547142
1.85000348091
1.83701646328
1.84161651134
1.84688746929
1.8531165123
1.82884800434
1.83790755272
1.83004295826
1.83548748493
1.83483850956
1.86264455318
1.8659299612
1.86982953548
1.85917305946
1.82955598831
1.87444996834
1.83941459656
1.83190894127
1.83380901814
1.82748293877
1.83177804947
1.84999704361
1.82841646671
1.83255851269
1.88437950611
1.87261152267
1.83524596691
1.84925150871
1.85216295719
1.84233403206
1.84348547459
1.82436907291
1.84229147434
1.84068095684
1.83858251572
1.83079195023
1.8319849968
1.83408951759
1.86442196369
1.84734892845
1.84916400909
1.84629094601
1.84250807762
1.8424179554
1.83675897121
1.83522939682
1.83951795101
1.83223390579
1.83634996414
1.85084056854
1.85501897335
1.83588290215
1.840102911
1.83163750172
1.8314344883
1.86743855476
1.84136199951
1.84183597565
1.86529755592
1.84898006916
1.83308041096
1.85093855858
1.84966003895
1.85405552387
1.8790845871
1.858507514
1.86222350597
1.84712994099
1.85183608532
1.85616958141
1.85038053989
1.83425307274
1.84879744053
1.83599460125
1.84194648266
1.84689199924
1.8435999155
1.84120202065
1.83202052116
1.83857059479
