batch times pre normalized by hold_sec =,2.0
wer, 0.0
cer, 0.0
bs, 2
hold_idx, 86
cuda, False
avg batch time, 0.468806342284
50%-tile latency, 0.233660757542
99%-tile latency, 0.241140388846
through put, 4.27970879886
data
0.506589531898
0.477526545525
0.473132491112
0.472651004791
0.477355957031
0.47737801075
0.467151403427
0.469949483871
0.467522025108
0.468964099884
0.473821997643
0.468771934509
0.463763475418
0.467222929001
0.468109488487
0.467447042465
0.472145557404
0.467918515205
0.46717607975
0.468513011932
0.474661946297
0.469812035561
0.465691566467
0.465909004211
0.465970039368
0.468819499016
0.466758489609
0.466562509537
0.466083526611
0.466583967209
0.467081069946
0.466386437416
0.472280502319
0.464635491371
0.465463042259
0.466920018196
0.467789053917
0.468217015266
0.480646014214
0.471335530281
0.466043591499
0.470130085945
0.4838514328
0.468944549561
0.464187979698
0.46600651741
0.465987563133
0.470353960991
0.47765147686
0.472190022469
0.471720457077
0.471822977066
0.46943295002
0.464932441711
0.46982896328
0.477375507355
0.473194003105
0.47435605526
0.468088507652
0.467490911484
0.467035055161
0.466650009155
0.463723540306
0.466918468475
0.46744453907
0.4641289711
0.46554350853
0.466357469559
0.46536052227
0.465844035149
0.463944554329
0.473904013634
0.472846031189
0.468337535858
0.467376112938
0.47664296627
0.472445964813
0.472078084946
0.469964981079
0.468237042427
0.466065049171
0.464429497719
0.465852975845
0.471512436867
0.467559933662
0.469381570816
0.46780192852
0.478911995888
0.470594525337
0.472164988518
0.465908050537
0.47245490551
0.474279046059
0.469886064529
0.471455931664
0.470912575722
0.475994467735
0.476588487625
0.470457077026
0.473680496216
0.464458584785
0.46669948101
0.467760443687
0.466899991035
0.467266917229
0.473945498466
0.472105026245
0.475606560707
0.469577550888
0.466956019402
0.463972568512
0.465893030167
0.464107513428
0.466037511826
0.46496450901
0.469923973083
0.465996026993
0.475867986679
0.466772556305
0.471811413765
0.463387966156
0.463418960571
0.464401006699
0.463405013084
0.466120958328
0.465448498726
0.464720964432
0.465952038765
0.466372489929
0.465683937073
0.463245987892
0.465360045433
0.467121481895
0.467625021935
0.465551018715
0.465249538422
0.463909029961
0.465337514877
0.468327045441
0.46350646019
0.464778542519
0.463559508324
0.465587973595
0.464253425598
0.465851545334
0.461780071259
0.464066982269
0.465222477913
0.465162396431
0.464937567711
