batch times pre normalized by hold_sec =,2.0
wer, 0.0
cer, 0.0
bs, 9
hold_idx, 86
cuda, False
avg batch time, 1.4606245931
50%-tile latency, 0.162188973692
99%-tile latency, 0.165349835157
through put, 6.16564725233
data
1.53914403915
1.49040353298
1.47728252411
1.48057258129
1.46589303017
1.46991193295
1.47674250603
1.46033895016
1.46396350861
1.45760846138
1.46402001381
1.45194661617
1.45097208023
1.44865000248
1.45015847683
1.44680953026
1.46871542931
1.46435201168
1.4619615078
1.46933150291
1.47138905525
1.46332657337
1.45174252987
1.45128953457
1.46749854088
1.46429848671
1.46085298061
1.48580145836
1.45824551582
1.45974051952
1.46594846249
1.45792806149
1.45594549179
1.46305751801
1.46218395233
1.46866202354
1.47107744217
1.46025693417
1.4642329216
1.47520959377
1.465914011
1.46618700027
1.45528900623
1.46408295631
1.46089398861
1.45536196232
1.46834445
1.46405291557
1.47668349743
1.48017597198
1.48046791553
1.45423293114
1.46222949028
1.45635700226
1.44948303699
1.46046352386
1.45480644703
1.46024346352
1.46854603291
1.45966100693
1.46633946896
1.46824145317
1.4657895565
1.44849145412
1.44713997841
1.45599997044
1.45766091347
1.45319998264
1.46834409237
1.45515048504
1.44698548317
1.44708001614
1.44542455673
1.44862890244
1.45791947842
1.44718599319
1.44832956791
1.445738554
1.45577597618
1.46777200699
1.45448291302
1.44533896446
1.45542001724
1.44471991062
1.46153402328
1.46545851231
1.46317839622
1.4533829689
1.44952356815
1.46316254139
1.47803151608
1.45644247532
1.4808460474
1.47804796696
1.45755803585
1.44684946537
1.44943356514
1.45054209232
1.44777560234
1.46258747578
1.46686542034
1.46367549896
1.44764697552
1.45462203026
1.46420097351
1.47577393055
1.47898948193
1.45500051975
1.46474695206
1.45552647114
1.45342051983
1.47046995163
1.46840143204
1.46772348881
1.46364295483
1.47274899483
1.46391689777
1.45510554314
1.46558904648
1.44899260998
1.45498692989
1.45764899254
1.45546400547
1.45125198364
1.45292508602
1.45122098923
1.45735955238
1.45852804184
1.46098101139
1.47493541241
1.45722603798
1.46029055119
1.45482802391
1.46075940132
1.45361399651
1.45200800896
1.45346689224
1.45317947865
1.44992303848
1.46269142628
1.44953048229
1.44972193241
1.45166397095
1.4618909359
1.45462954044
1.44983303547
1.45328247547
1.45220005512
1.46121358871
1.45691800117
