batch times pre normalized by hold_sec =,2.0
wer, 0.0
cer, 0.0
bs, 6
hold_idx, 86
cuda, False
avg batch time, 1.00239324729
50%-tile latency, 0.166758656502
99%-tile latency, 0.170314635833
through put, 5.99669019275
data
1.05149400234
1.00737845898
1.00567400455
1.00274801254
1.01666855812
1.00300145149
1.0018529892
1.01417696476
1.01098203659
1.00501656532
1.00223946571
0.995075464249
1.00648999214
1.00033044815
0.995854496956
1.01216304302
1.00098896027
0.998438477516
1.00614595413
1.01559448242
0.999729990959
1.00859153271
1.00755596161
0.995118975639
0.99259853363
0.995280981064
0.999284982681
1.00959050655
1.00489902496
1.00669705868
1.00088357925
0.998182535172
0.99417757988
0.997969508171
1.00680541992
0.996868491173
0.997545599937
0.9915599823
0.998151540756
0.994359493256
1.0095590353
1.00463998318
1.00880146027
1.01555347443
1.00572395325
1.02233350277
0.990260004997
0.996253490448
1.00103056431
0.994624018669
0.992484092712
0.997865557671
0.997534990311
1.00514554977
1.01053953171
0.995905518532
1.01171302795
0.996552944183
0.998674511909
1.01392555237
1.01552307606
0.993158102036
0.996255993843
0.996664524078
0.996670603752
0.998619437218
1.00007152557
0.993221998215
1.00254952908
1.01104795933
0.995165467262
0.999718427658
1.00731503963
0.999248027802
0.99939250946
1.02142393589
1.01360845566
1.00596046448
0.994647026062
0.999174594879
1.01742446423
1.00793910027
1.00687646866
1.00920951366
0.995551943779
1.00331354141
1.00298047066
0.998140931129
1.01688110828
1.01778650284
0.9977414608
1.00172650814
1.00711345673
1.00926399231
1.00028753281
1.00487458706
1.00457549095
1.00446248055
0.997675538063
1.01840949059
1.00512206554
1.00429999828
0.99894797802
0.996339559555
0.994962573051
1.00220000744
0.994890928268
0.994179487228
0.988968491554
0.99706697464
0.999065518379
0.995174527168
0.993111014366
0.995739936829
0.996433019638
0.991705060005
1.00833296776
1.00203752518
1.00432348251
0.994639515877
0.994708418846
0.996373414993
0.999305963516
0.996224522591
0.998574495316
0.998259544373
0.998032569885
1.00515246391
0.99892449379
1.00302040577
1.01041507721
1.00256407261
0.998582959175
0.998856544495
1.0062584877
0.997276544571
0.998119473457
1.01039302349
1.00081050396
1.01291453838
0.998663067818
0.999139428139
0.997099995613
0.99651658535
1.00515151024
1.00262796879
0.991426944733
1.00077342987
1.0041769743
1.00214588642
