batch times pre normalized by hold_sec =,5.0
wer, 8.0
cer, 3.38983050847
bs, 7
hold_idx, 2510
cuda, False
avg batch time, 5.57188960489
50%-tile latency, 0.795691343716
99%-tile latency, 0.804071661404
through put, 1.25676873061
data
5.793334198
5.58677721024
5.58479561806
5.53694758415
5.52664437294
5.53449020386
5.55058879852
5.57710318565
5.53528122902
5.55115861893
5.56140499115
5.54094538689
5.55437822342
5.58468837738
5.54095482826
5.54540977478
5.54506378174
5.55015177727
5.5330575943
5.56164059639
5.55680599213
5.55493240356
5.56203656197
5.54943037033
5.58237161636
5.55739998817
5.57757658958
5.56631979942
5.60378499031
5.58143620491
5.57277059555
5.57132620811
5.54991736412
5.58149762154
5.56917638779
5.56010961533
5.55675458908
5.54992179871
5.58601303101
5.59736618996
5.61255540848
5.5603099823
5.56220836639
5.55947861671
5.57107582092
5.57399096489
5.57848539352
5.57374238968
5.56685142517
5.56944499016
5.56523942947
5.56889400482
5.56380963326
5.55670762062
5.55253500938
5.53763136864
5.56319036484
5.55280399323
5.5905878067
5.58205780983
5.57567577362
5.57193837166
5.58841280937
5.56800580025
5.56379699707
5.59663200378
5.63627400398
5.5762720108
5.55618238449
5.58910579681
5.59487519264
5.58057122231
5.55847640038
5.54946842194
5.55411262512
5.56976881027
5.55304918289
5.56298856735
5.58303880692
5.5711083889
5.56991000175
5.57857518196
5.57456741333
5.56552743912
5.59860038757
5.56339759827
5.59693922997
5.56190500259
5.54310359955
5.55377559662
5.57014122009
5.59529719353
5.57627339363
5.57085204124
5.57898259163
5.56467218399
5.57986016273
5.62041201591
5.59200143814
5.59571819305
5.59552297592
5.57347016335
5.5646780014
5.56127920151
5.58167419434
5.57904677391
5.56723837852
5.57515120506
5.55857720375
5.57642240524
5.58856420517
5.60330462456
5.56450338364
5.57486138344
5.57858300209
5.56811380386
5.58299798965
5.5840798378
5.59746017456
5.56058058739
5.56096100807
5.57426638603
5.55258440971
5.55622019768
5.5479722023
5.61381902695
5.57465963364
5.56885361671
5.57211961746
5.58088240623
5.58017282486
5.5807320118
5.57415876389
5.56268482208
5.57141637802
5.56216402054
5.59032082558
5.56707000732
5.57983641624
5.56063499451
5.60479359627
5.56976799965
5.57804098129
5.57893362045
5.56241359711
5.54413256645
5.58242940903
5.57009019852
5.56800355911
5.56356601715
