batch times pre normalized by hold_sec =,5.0
wer, 8.0
cer, 3.38983050847
bs, 11
hold_idx, 2510
cuda, False
avg batch time, 7.57292996915
50%-tile latency, 0.68811943531
99%-tile latency, 0.696206868995
through put, 1.45323609345
data
7.88678178787
7.59145317078
7.52957620621
7.62364139557
7.60387740135
7.5654736042
7.57599320412
7.60167961121
7.58491616249
7.54296717644
7.53533101082
7.5073718071
7.53329997063
7.56375780106
7.54840221405
7.52568721771
7.51554679871
7.54362282753
7.54208903313
7.54497842789
7.52437138557
7.52010798454
7.55361361504
7.58432683945
7.52838697433
7.52837276459
7.52559657097
7.56135401726
7.55475797653
7.53603219986
7.52717261314
7.52803821564
7.52036261559
7.56022658348
7.53680081367
7.56164503098
7.56119561195
7.53032917976
7.5795194149
7.52159380913
7.56784720421
7.54093580246
7.55792880058
7.51261119843
7.52338299751
7.57332997322
7.55632419586
7.5536178112
7.56849861145
7.54380502701
7.56925439835
7.5275179863
7.58179178238
7.54087820053
7.55671639442
7.55151276588
7.54474020004
7.56924180984
7.53654942513
7.57715196609
7.53494257927
7.58755841255
7.55846261978
7.57165899277
7.54231500626
7.53379440308
7.56035017967
7.53799901009
7.52937822342
7.54384360313
7.54814662933
7.55492162704
7.55299682617
7.54495000839
7.55151276588
7.58025698662
7.56639003754
7.59512219429
7.57231240273
7.58289480209
7.58993597031
7.57710123062
7.56454820633
7.5711771965
7.54836821556
7.57550578117
7.57373719215
7.56233959198
7.6001683712
7.56200556755
7.59252181053
7.5575756073
7.61923260689
7.61239719391
7.56612277031
7.60780897141
7.56200680733
7.6063062191
7.57386722565
7.59521121979
7.58117537498
7.55720539093
7.59119782448
7.56896996498
7.58420219421
7.59097342491
7.552973032
7.61248860359
7.5590007782
7.56967720985
7.66204795837
7.6240524292
7.54587359428
7.61391777992
7.58747000694
7.61526899338
7.59983196259
7.58086380959
7.62409820557
7.59259381294
7.59081759453
7.57155742645
7.59106259346
7.5851377964
7.57809000015
7.61027359962
7.62043581009
7.60246458054
7.6238535881
7.64022798538
7.53456339836
7.56937317848
7.57549543381
7.6164577961
7.57512741089
7.63457098007
7.58265218735
7.59361319542
7.59693961143
7.58142819405
7.59226241112
7.60045742989
7.5971531868
7.61348161697
7.65434918404
7.61206278801
7.58715376854
7.6464630127
7.61060800552
7.60584659576
