batch times pre normalized by hold_sec =,5.0
wer, 8.0
cer, 3.38983050847
bs, 1
hold_idx, 2510
cuda, False
avg batch time, 1.69093098958
50%-tile latency, 1.6883767128
99%-tile latency, 1.73954594517
through put, 0.592284880749
data
1.76222338676
1.72110219002
1.71953501701
1.71584477425
1.71121578217
1.69514536858
1.71725740433
1.70041680336
1.72323122025
1.71036300659
1.74863162041
1.69083762169
1.68971982002
1.68353099823
1.68598856926
1.68647642136
1.68744678497
1.68925743103
1.68838701248
1.68516798019
1.69367442131
1.69311580658
1.6925965786
1.68922262192
1.6887348175
1.68867378235
1.68621501923
1.69364600182
1.69781556129
1.69984278679
1.70218300819
1.69894018173
1.68637561798
1.68972740173
1.68960237503
1.69536218643
1.70207619667
1.68743863106
1.69620819092
1.6994207859
1.69198999405
1.6935915947
1.68668322563
1.68702120781
1.68190760612
1.68876361847
1.69075579643
1.68354940414
1.68830280304
1.68314819336
1.68692202568
1.69509720802
1.67842721939
1.68004498482
1.68318982124
1.68421220779
1.68416481018
1.68388319016
1.68026542664
1.69875679016
1.69831962585
1.68697080612
1.68783998489
1.67784619331
1.68403921127
1.68414597511
1.67720742226
1.67516479492
1.67635502815
1.68870239258
1.69851999283
1.6842897892
1.68030543327
1.67957344055
1.68185081482
1.68747420311
1.68064699173
1.69006557465
1.68311619759
1.6924642086
1.68903861046
1.69261379242
1.69314517975
1.68754262924
1.69546136856
1.68836641312
1.67926778793
1.70175004005
1.67875061035
1.68982124329
1.68808579445
1.69308800697
1.68888320923
1.68917160034
1.67823061943
1.67772040367
1.67948579788
1.67828698158
1.68178739548
1.67870020866
1.72532896996
1.69020795822
1.69126877785
1.69087677002
1.68659157753
1.67903280258
1.68459558487
1.68775076866
1.68366241455
1.68981161118
1.69019598961
1.68376340866
1.68844017982
1.68971400261
1.69029378891
1.68335175514
1.69273920059
1.68351902962
1.68748040199
1.68574461937
1.68595180511
1.68819360733
1.68783140182
1.69439220428
1.68034882545
1.69838600159
1.68906259537
1.69069657326
1.68736300468
1.68737039566
1.69125237465
1.68963060379
1.68754777908
1.688879776
1.69417939186
1.68561477661
1.68782877922
1.68240661621
1.68461880684
1.71266102791
1.68551359177
1.69066119194
1.68551859856
1.68662199974
1.68795819283
1.73008942604
1.70136799812
1.68048620224
1.68918619156
1.6862349987
