batch times pre normalized by hold_sec =,5.0
wer, 8.0
cer, 3.38983050847
bs, 8
hold_idx, 2510
cuda, False
avg batch time, 5.73909241613
50%-tile latency, 0.716020661592
99%-tile latency, 0.738389882743
through put, 1.39660774282
data
5.9154861927
5.75042977333
5.71350083351
5.7195991993
5.72928762436
5.73348741531
5.74254302979
5.76693120003
5.76688537598
5.70820279121
5.72582602501
5.7146490097
5.73478860855
5.73790516853
5.71320343018
5.68640122414
5.6954957962
5.69978098869
5.72275099754
5.70689396858
5.71779222488
5.71376900673
5.69882478714
5.69166660309
5.74395723343
5.74717483521
5.70879702568
5.70378804207
5.70117001534
5.71792159081
5.73832559586
5.72422800064
5.72195420265
5.68912677765
5.70752120018
5.70278038979
5.71482777596
5.70092263222
5.70913801193
5.70252819061
5.70293998718
5.70812220573
5.69632277489
5.70169520378
5.75836458206
5.71880402565
5.67815718651
5.71718459129
5.71491341591
5.754515028
5.72162437439
5.70116138458
5.72658462524
5.70435299873
5.69112858772
5.71073579788
5.72709035873
5.72577838898
5.69661240578
5.72605800629
5.70896100998
5.70834040642
5.71758460999
5.73001379967
5.71885757446
5.69453039169
5.70650620461
5.71146798134
5.72144360542
5.69800543785
5.72393479347
5.72862639427
5.72276058197
5.72590060234
5.73972558975
5.87724680901
5.72085776329
5.72344937325
5.71405262947
5.71127977371
5.79036397934
5.76092457771
5.70544381142
5.72979898453
5.6889852047
5.7393764019
5.73566861153
5.72470679283
5.75979399681
5.72079181671
5.7327902317
5.7430205822
5.71926021576
5.82544622421
5.73720259666
5.73852639198
5.71406340599
5.72272582054
5.74058480263
5.72466878891
5.71777057648
5.72149915695
5.72770419121
5.73622441292
5.73038282394
5.77602124214
5.70581917763
5.93136377335
5.75271120071
5.89841041565
5.83343520164
5.74421496391
5.75687499046
5.75185718536
5.76751418114
5.76566538811
5.75066800117
5.73284902573
5.75656919479
5.76226396561
5.74466862679
5.76549320221
5.77378501892
5.75353860855
5.78154659271
5.76643800735
5.77596879005
5.76408257484
5.78134803772
5.79017882347
5.79546999931
5.7490623951
5.7865901947
5.76168060303
5.81709141731
5.76368837357
5.78133897781
5.76507520676
5.77843060493
5.78390302658
5.756123209
5.76767821312
5.73443961143
5.77168059349
5.76841278076
5.75814900398
5.75180540085
5.79933595657
5.72578120232
5.75116100311
