batch times pre normalized by hold_sec =,5.0
wer, 8.0
cer, 3.38983050847
bs, 2
hold_idx, 2510
cuda, False
avg batch time, 1.88805235672
50%-tile latency, 0.942537140846
99%-tile latency, 0.968173595905
through put, 1.06096614835
data
1.95810980797
1.91085958481
1.88425221443
1.88072242737
1.89805316925
1.88248119354
1.88165278435
1.88635621071
1.89153380394
1.90785260201
1.89061141014
1.89932060242
1.88579759598
1.90595979691
1.88339858055
1.88690056801
1.87611279488
1.87794718742
1.87552757263
1.8817220211
1.91041698456
1.89883322716
1.89030060768
1.90678682327
1.94194278717
1.89269537926
1.89798960686
1.88601942062
1.89004616737
1.8909403801
1.88614044189
1.88573656082
1.88876342773
1.88840622902
1.87964859009
1.87717080116
1.88941559792
1.88220562935
1.87936396599
1.87723140717
1.88593401909
1.88484520912
1.87769722939
1.88253479004
1.90386900902
1.90449919701
1.88185663223
1.88630580902
1.91930737495
1.883543396
1.87984642982
1.87454099655
1.87610640526
1.88891539574
1.88103055954
1.89407920837
1.8846552372
1.89448180199
1.88441820145
1.8892911911
1.87910900116
1.87878937721
1.87774477005
1.88252463341
1.88008999825
1.88406581879
1.88465619087
1.87787303925
1.88259921074
1.88765940666
1.89353923798
1.87584996223
1.87665958405
1.8847509861
1.90693659782
1.90132598877
1.87350320816
1.87891740799
1.87538022995
1.87688422203
1.89238476753
1.89291276932
1.9305232048
1.91264781952
1.92034702301
1.87740578651
1.87128357887
1.87982683182
1.87919979095
1.8766626358
1.91399521828
1.88550162315
1.88726119995
1.8782681942
1.87191019058
1.8685292244
1.87192277908
1.86995601654
1.87798342705
1.87101502419
1.87609958649
1.89552898407
1.87282037735
1.87552280426
1.87324361801
1.88022842407
1.89315462112
1.89305438995
1.88272023201
1.87871823311
1.87814836502
1.87652697563
1.87989602089
1.88469099998
1.87811398506
1.88155398369
1.88061723709
1.92833600044
1.8822177887
1.8834356308
1.88839859962
1.88625998497
1.89685640335
1.87993578911
1.89920639992
1.88911619186
1.8985294342
1.88749980927
1.89498744011
1.88653240204
1.88144302368
1.8852745533
1.89213342667
1.88487401009
1.8960641861
1.88961901665
1.89443621635
1.87522339821
1.88835320473
1.88571763039
1.88400378227
1.87763900757
1.9023458004
1.89518260956
1.88707561493
1.90153880119
1.88749184608
1.88701839447
1.90998821259
1.88910002708
