batch times pre normalized by hold_sec =,5.0
wer, 8.0
cer, 3.38983050847
bs, 9
hold_idx, 2510
cuda, False
avg batch time, 5.91070528285
50%-tile latency, 0.656341158019
99%-tile latency, 0.667144328541
through put, 1.5235978847
data
6.13858480453
5.97027139664
5.8742869854
5.87331137657
5.8616437912
5.88256044388
5.90451903343
5.88632640839
5.89058938026
5.86296057701
5.88724856377
5.86011037827
5.86892380714
5.89884977341
5.87315840721
5.87067856789
5.89390382767
5.86343898773
5.87196784019
5.86998343468
5.86189956665
5.86278562546
5.86963777542
5.88452596664
5.8724832058
5.84819459915
5.87131962776
5.86638560295
5.86621742249
5.8759665966
5.89793543816
5.86829481125
5.86329398155
5.92015061378
5.87347397804
5.87378158569
5.88050079346
5.92018260956
5.93157362938
5.90071697235
5.86327962875
5.89088540077
5.8884349823
5.87120280266
5.8973651886
5.89607419968
5.87284197807
5.88336277008
5.91778321266
5.93826799393
5.88455219269
5.89933981895
5.87508378029
5.86635041237
5.88529577255
5.88657741547
5.92307338715
5.90447177887
5.90506300926
5.91140241623
5.92061743736
5.88625879288
5.98370161057
5.95012960434
5.87833938599
5.88285622597
5.91260142326
5.88787097931
5.89426059723
5.92080159187
5.91810536385
5.90582957268
5.9030207634
5.91045279503
5.88809876442
5.88462877274
5.89967241287
5.89871897697
5.87683420181
5.9264485836
5.90734782219
5.91117396355
5.90599937439
5.9122338295
5.92020759583
5.93380417824
5.90992379189
5.92316818237
5.93033800125
5.90089960098
5.93514780998
5.94073081017
5.92054858208
5.92596859932
5.95994801521
5.93959217072
5.9460547924
5.89774079323
5.91899280548
5.90816998482
5.90608959198
5.9065762043
5.93648562431
5.88932600021
5.90570158958
5.89886798859
5.9131398201
5.91546440125
5.92356176376
5.92186222076
5.93490743637
5.9280769825
5.93590860367
5.9400703907
5.90010099411
5.90679302216
5.87835083008
5.92728319168
6.01599702835
5.90427398682
5.91536478996
5.9444357872
5.93308200836
5.91648640633
5.9367354393
5.91827278137
5.91454696655
5.96929821968
5.97543978691
5.93956961632
5.95522780418
5.93463058472
5.93028120995
5.9662446022
5.93072957993
5.97396478653
5.94680080414
5.95990381241
5.95479197502
5.91714777946
5.93882799149
5.93565816879
5.93190178871
5.93185257912
5.91971683502
5.9474313736
5.93026418686
5.99212341309
5.97509260178
5.93054618835
