batch times pre normalized by hold_sec =,2.0
wer, 0.0
cer, 0.0
bs, 7
hold_idx, 86
cuda, False
avg batch time, 1.39328179518
50%-tile latency, 0.198771178722
99%-tile latency, 0.202929781505
through put, 5.03091044903
data
1.46799349785
1.39574193954
1.38307547569
1.38741147518
1.38954746723
1.3891710043
1.39497697353
1.39544701576
1.39062905312
1.38934290409
1.38952207565
1.39783394337
1.39323544502
1.3954269886
1.38691449165
1.39319598675
1.40860855579
1.39697802067
1.38721954823
1.39792346954
1.39136993885
1.3972414732
1.39170145988
1.39243602753
1.39700961113
1.39529299736
1.3896715641
1.39836704731
1.38823711872
1.39745748043
1.4015314579
1.38548004627
1.38946950436
1.38484799862
1.39160656929
1.3856395483
1.39747452736
1.39113295078
1.38783097267
1.37844693661
1.38153243065
1.39181995392
1.4197319746
1.40369749069
1.40332150459
1.39855957031
1.393191576
1.39072453976
1.3931055069
1.40517044067
1.39694046974
1.38577890396
1.41139698029
1.39480507374
1.38192653656
1.37693595886
1.38832402229
1.38886010647
1.38345789909
1.38326740265
1.41622757912
1.38501644135
1.38774454594
1.38920640945
1.40622758865
1.41643548012
1.40789091587
1.38507640362
1.38585305214
1.39437401295
1.38249504566
1.38678002357
1.38413405418
1.41680455208
1.38690793514
1.38960850239
1.38166344166
1.38799643517
1.39265203476
1.40162396431
1.39152848721
1.39411306381
1.39512610435
1.39529550076
1.39366853237
1.38502943516
1.38874554634
1.38747000694
1.38767850399
1.398863554
1.39268350601
1.39106953144
1.38953649998
1.39694595337
1.40471744537
1.38462853432
1.39778745174
1.38496601582
1.38675940037
1.38915848732
1.3866610527
1.38922858238
1.38113105297
1.38014042377
1.38733947277
1.396027565
1.39082252979
1.40645945072
1.38615500927
1.38286745548
1.39251589775
1.38999402523
1.38439249992
1.38677000999
1.39229750633
1.38747048378
1.39387392998
1.40364599228
1.40898549557
1.39151608944
1.39352548122
1.39503598213
1.42125451565
1.38852751255
1.41218757629
1.40407049656
1.39930796623
1.4086625576
1.39434492588
1.39106345177
1.38312399387
1.38613402843
1.40176045895
1.39491760731
1.37961399555
1.39761245251
1.38870346546
1.3904030323
1.39442050457
1.40485405922
1.3788895607
1.39142656326
1.38485443592
1.38849699497
1.39281845093
1.39760553837
1.39240241051
1.38550293446
1.3888374567
1.38813745975
