batch times pre normalized by hold_sec =,2.0
wer, 0.0
cer, 0.0
bs, 5
hold_idx, 86
cuda, False
avg batch time, 0.954758500258
50%-tile latency, 0.190425753593
99%-tile latency, 0.195445174694
through put, 5.25139053479
data
1.01693749428
0.967522501945
0.947781085968
0.949169516563
0.959246516228
0.953004002571
0.953889489174
0.967121958733
0.956012487411
0.962501049042
0.958078026772
0.951985955238
0.957243442535
0.954472541809
0.968651533127
0.953163027763
0.956700563431
0.949289560318
0.961254000664
0.954687595367
0.951284050941
0.954236507416
0.947661519051
0.953898429871
0.951104402542
0.949032068253
0.952073574066
0.94915997982
0.950667023659
0.949310541153
0.952650427818
0.958506941795
0.949779987335
0.964949965477
0.972116947174
0.949554085732
0.950316429138
0.953568100929
0.947374463081
0.959985494614
0.951086521149
0.960052490234
0.958524465561
0.951819419861
0.967670559883
0.960757493973
0.958909988403
0.962805509567
0.949194431305
0.953818559647
0.952183961868
0.947986006737
0.94885802269
0.951146960258
0.95063996315
0.948710918427
0.948404550552
0.953767895699
0.947907090187
0.948138594627
0.947237968445
0.952345490456
0.976898908615
0.973943471909
0.95613348484
0.955650568008
0.954623937607
0.947056531906
0.949678421021
0.946383595467
0.96776497364
0.951574444771
0.956037044525
0.949252963066
0.954371452332
0.951120018959
0.964975476265
0.965588092804
0.957709431648
0.946384072304
0.949091911316
0.947202563286
0.950641989708
0.957354545593
0.950456023216
0.945937991142
0.953705430031
0.960510969162
0.946801900864
0.950176596642
0.946402549744
0.947733044624
0.948100566864
0.954701900482
0.949648499489
0.956746578217
0.95050907135
0.9601354599
0.962342500687
0.945426464081
0.944510936737
0.94798707962
0.94994354248
0.955962896347
0.955396413803
0.96790599823
0.967740058899
0.971445918083
0.959632515907
0.974325418472
0.960260987282
0.951122522354
0.957482457161
0.95423746109
0.952386975288
0.949763059616
0.948799014091
0.9526065588
0.951966524124
0.95091855526
0.973030567169
0.945254564285
0.949511408806
0.94734442234
0.949692487717
0.954837441444
0.951587557793
0.96277153492
0.95108294487
0.947008490562
0.947066903114
0.953306436539
0.945085048676
0.953104496002
0.945977449417
0.944131970406
0.948077559471
0.947660088539
0.951969027519
0.948831439018
0.945755004883
0.950022578239
0.9468729496
0.953644514084
0.959613084793
0.970952987671
0.977540016174
0.967509508133
0.952268600464
0.951185464859
