batch times pre normalized by hold_sec =,2.0
wer, 0.0
cer, 0.0
bs, 8
hold_idx, 86
cuda, False
avg batch time, 1.43373630365
50%-tile latency, 0.178887806833
99%-tile latency, 0.183053871989
through put, 5.59009592495
data
1.53747403622
1.45017790794
1.41906249523
1.43342494965
1.42423295975
1.45139396191
1.44073009491
1.43093156815
1.44271051884
1.42632043362
1.43935704231
1.42685556412
1.4217274189
1.44918096066
1.44467997551
1.44976401329
1.4263010025
1.42728793621
1.4238294363
1.43642652035
1.43910109997
1.43497049809
1.43208503723
1.43709397316
1.43161547184
1.44773352146
1.44973397255
1.43429851532
1.46286606789
1.465934515
1.43343055248
1.4350014925
1.4394005537
1.43338894844
1.43497049809
1.43473446369
1.43032646179
1.43123602867
1.42682039738
1.42575550079
1.42934656143
1.43551003933
1.43033993244
1.43990397453
1.43187201023
1.42674851418
1.42832493782
1.44000697136
1.4522664547
1.4444924593
1.43765246868
1.44059300423
1.43260896206
1.4284299612
1.43193006516
1.43101203442
1.42621946335
1.42433702946
1.44246292114
1.44756996632
1.43359303474
1.44298994541
1.42837202549
1.42355060577
1.42341053486
1.4430450201
1.43495106697
1.44459092617
1.45928752422
1.42676794529
1.44115805626
1.4296939373
1.43107843399
1.43419551849
1.43075346947
1.43381547928
1.43122148514
1.41999006271
1.42529904842
1.42919898033
1.42651700974
1.43278801441
1.42632102966
1.42825293541
1.43112647533
1.43427205086
1.44045007229
1.42993748188
1.42840194702
1.43541610241
1.43488299847
1.43267309666
1.44444799423
1.43095195293
1.42092609406
1.42702543736
1.42710101604
1.42738854885
1.42314457893
1.42475402355
1.42179203033
1.42446804047
1.41747796535
1.42524647713
1.42728149891
1.43284189701
1.43017804623
1.4272954464
1.42644548416
1.43970298767
1.42198801041
1.42548751831
1.42418396473
1.43150949478
1.42306244373
1.42321097851
1.42853248119
1.42635297775
1.42792499065
1.42112147808
1.42488956451
1.42515492439
1.42505502701
1.42711699009
1.43595302105
1.43494546413
1.4339414835
1.44536352158
1.45712351799
1.4295810461
1.4346050024
1.42156350613
1.46255552769
1.44567298889
1.45422399044
1.44199943542
1.43284451962
1.42692351341
1.42987751961
1.43397951126
1.42803061008
1.43879449368
1.43128657341
1.42513298988
1.42248797417
1.42509758472
1.43052995205
1.42852854729
1.42124044895
1.4221060276
