batch times pre normalized by hold_sec =,2.0
wer, 0.0
cer, 0.0
bs, 4
hold_idx, 86
cuda, False
avg batch time, 0.915036420027
50%-tile latency, 0.228421375155
99%-tile latency, 0.235506693125
through put, 4.3778740029
data
0.957149982452
0.927932500839
0.916642069817
0.915843009949
0.909362077713
0.908237457275
0.910416483879
0.909698486328
0.915971517563
0.918341994286
0.941884994507
0.925663948059
0.91418159008
0.91086602211
0.908660054207
0.911821007729
0.911430001259
0.90849506855
0.909238576889
0.908157944679
0.915383458138
0.923611044884
0.908106088638
0.904452562332
0.90842294693
0.910135984421
0.911745429039
0.910334467888
0.911226987839
0.910426497459
0.910018086433
0.907086491585
0.914423465729
0.91054391861
0.911146521568
0.908919453621
0.920384049416
0.912206053734
0.910634994507
0.911804914474
0.912782073021
0.908759593964
0.911751031876
0.912118554115
0.914417505264
0.910794019699
0.915088057518
0.91048848629
0.917182564735
0.913632035255
0.910880088806
0.911864042282
0.914435505867
0.914578437805
0.917160987854
0.913904428482
0.90963602066
0.911539554596
0.905517578125
0.91147851944
0.90958404541
0.911828517914
0.912787437439
0.909420967102
0.913636445999
0.91213452816
0.913202524185
0.911653995514
0.909574508667
0.913540959358
0.914528012276
0.914990544319
0.913341999054
0.914163589478
0.910951495171
0.915254473686
0.914990901947
0.915067076683
0.914466500282
0.913789510727
0.912435054779
0.912500977516
0.914124011993
0.916382551193
0.927294015884
0.918229460716
0.917889475822
0.916858553886
0.91993355751
0.915968537331
0.916846990585
0.918056488037
0.912508487701
0.910076975822
0.929604053497
0.913645982742
0.913722515106
0.911110520363
0.908411026001
0.911814928055
0.911208510399
0.907952547073
0.910389065742
0.913815975189
0.912425994873
0.922563433647
0.918731093407
0.91689145565
0.911270976067
0.909578561783
0.912292480469
0.909997940063
0.908751010895
0.917234539986
0.922401070595
0.918005466461
0.926068544388
0.918521523476
0.916790485382
0.916458964348
0.920720458031
0.915497899055
0.915212988853
0.923301577568
0.925980567932
0.934862494469
0.94216299057
0.93130505085
0.913776516914
0.913648486137
0.913521409035
0.917061448097
0.915005922318
0.914529085159
0.914047002792
0.915599942207
0.917605042458
0.920716524124
0.913524985313
0.91589152813
0.913171052933
0.915482997894
0.919194459915
0.919905424118
0.913852572441
0.913725495338
0.912657499313
0.909904956818
0.928179979324
0.918727517128
