batch times pre normalized by hold_sec =,5.0
wer, 8.0
cer, 3.38983050847
bs, 5
hold_idx, 2510
cuda, False
avg batch time, 3.87077102439
50%-tile latency, 0.772764501572
99%-tile latency, 0.789631288052
through put, 1.29405530141
data
3.99323177338
3.86410522461
3.83192658424
3.86155800819
3.85708417892
3.82066497803
3.88441295624
3.85001802444
3.82730698586
3.86379079819
3.87868862152
3.90665721893
3.85075240135
3.84491281509
3.878683424
3.94899582863
3.91105279922
3.86221718788
3.88971500397
3.89610080719
3.87288680077
3.84594097137
3.88746361732
3.85005321503
3.85289940834
3.86758799553
3.88405561447
3.91700320244
3.90998659134
3.84522280693
3.84767398834
3.86996841431
3.86526041031
3.84817624092
3.8612830162
3.86727800369
3.88909721375
3.87652740479
3.85099301338
3.84252858162
3.85095639229
3.84376797676
3.87652578354
3.87159762383
3.86143779755
3.85305738449
3.93338279724
3.84759516716
3.86483941078
3.94728279114
3.92824783325
3.85024437904
3.8601624012
3.91885404587
3.86385421753
3.85846438408
3.87680220604
3.8537250042
3.85325860977
3.8477502346
3.85570960045
3.85788822174
3.86079697609
3.8630671978
3.86513237953
3.88971157074
3.86784381866
3.84679803848
3.84099059105
3.84399180412
3.89817576408
3.87710256577
3.86432542801
3.85721502304
3.86421756744
3.86429839134
3.88026304245
3.8821958065
3.85520100594
3.87595677376
3.92813696861
3.85128679276
3.871596241
3.86706838608
3.88710002899
3.85897016525
3.87085762024
3.87394318581
3.84213418961
3.84111561775
3.84024262428
3.86047463417
3.8481482029
3.88100037575
3.85956902504
3.88266096115
3.88951158524
3.85594182014
3.84276838303
3.85819678307
3.85943617821
3.85750079155
3.8604159832
3.88762083054
3.88859996796
3.94579658508
3.88472356796
3.85601444244
3.87343697548
3.93527059555
3.85134038925
3.84967999458
3.89003577232
3.91860818863
3.86933760643
3.86038403511
3.86928362846
3.88970341682
3.87760038376
3.85413279533
3.90595798492
3.86773223877
3.86444840431
3.88137660027
3.85139403343
3.89090218544
3.86196022034
3.85969719887
3.85834341049
3.85994400978
3.85955619812
3.86263780594
3.85255918503
3.88349919319
3.89930520058
3.88013796806
3.8496491909
3.85309700966
3.85464019775
3.8515185833
3.86083221436
3.85478978157
3.85915660858
3.88424777985
3.85717701912
3.8887403965
3.89412121773
3.87307338715
3.85630059242
3.90276198387
