batch times pre normalized by hold_sec =,5.0
wer, 8.0
cer, 3.38983050847
bs, 4
hold_idx, 2510
cuda, False
avg batch time, 3.68279489613
50%-tile latency, 0.920202624798
99%-tile latency, 0.938627472878
through put, 1.08671717843
data
3.81617321968
3.73747019768
3.71683959961
3.64869236946
3.65396161079
3.67079839706
3.68386502266
3.64551663399
3.64961938858
3.64444904327
3.68364400864
3.66539239883
3.67346739769
3.66623001099
3.66464896202
3.70609579086
3.65222301483
3.68192138672
3.68579859734
3.66076159477
3.6678712368
3.68014678955
3.66808719635
3.66357040405
3.6712372303
3.6629503727
3.66104960442
3.66927042007
3.67248039246
3.67075543404
3.67990541458
3.67892961502
3.65921297073
3.66274843216
3.65684037209
3.6649523735
3.66736984253
3.66165819168
3.65604782104
3.69093999863
3.67372322083
3.667208004
3.67456760406
3.67644557953
3.67772040367
3.67856516838
3.68430142403
3.71520161629
3.66226596832
3.68113822937
3.67386059761
3.68073120117
3.67441239357
3.67256498337
3.67689957619
3.67590680122
3.67690382004
3.68429980278
3.68464617729
3.68218941689
3.68236098289
3.71750178337
3.67750639915
3.68625617027
3.6729634285
3.6686340332
3.66487822533
3.69034080505
3.69157557487
3.68020143509
3.6731595993
3.66212997437
3.66836123466
3.70361680984
3.65308623314
3.66561260223
3.67368278503
3.69617743492
3.68116440773
3.69403557777
3.6798101902
3.68653941154
3.68494501114
3.68713502884
3.68767180443
3.68088979721
3.68121418953
3.66676540375
3.67910079956
3.68289380074
3.67551717758
3.67989139557
3.7551554203
3.7189013958
3.67402963638
3.68133764267
3.67260160446
3.69850859642
3.68130402565
3.69124855995
3.7016315937
3.67934780121
3.68908901215
3.67405819893
3.67873778343
3.69434976578
3.68384056091
3.67850861549
3.67881398201
3.69401140213
3.68672218323
3.68303260803
3.68737778664
3.68398623466
3.68185839653
3.67539558411
3.6825838089
3.66191921234
3.66933341026
3.68499121666
3.70238480568
3.70680980682
3.68781061172
3.70151882172
3.696707201
3.67923121452
3.70796318054
3.69787201881
3.68859782219
3.73636679649
3.70319800377
3.72242341042
3.68687582016
3.68052039146
3.68691458702
3.67449879646
3.68558020592
3.6970913887
3.71957378387
3.69850440025
3.68141078949
3.69924278259
3.68382778168
3.68246717453
3.69688878059
3.69360117912
3.68585639
3.65460600853
3.68161215782
3.7538380146
