batch times pre normalized by hold_sec =,5.0
wer, 8.0
cer, 3.38983050847
bs, 10
hold_idx, 2510
cuda, False
avg batch time, 7.47316723665
50%-tile latency, 0.747606229782
99%-tile latency, 0.757137127495
through put, 1.33760255087
data
7.72132558823
7.49658579826
7.40739440918
7.42092118263
7.41552124023
7.42516798973
7.41770162582
7.41925182343
7.39398241043
7.44704723358
7.40096917152
7.40185980797
7.40131559372
7.40409822464
7.41606020927
7.40137958527
7.41676139832
7.43852701187
7.47055382729
7.44597902298
7.44019160271
7.43067822456
7.44594559669
7.48509159088
7.44114723206
7.45662741661
7.45144562721
7.42577261925
7.45213141441
7.43090362549
7.45459222794
7.4396425724
7.4164850235
7.44067058563
7.42456078529
7.42643761635
7.47042155266
7.4610912323
7.47694821358
7.44474759102
7.44027638435
7.47445039749
7.43979058266
7.51168556213
7.44018001556
7.46209201813
7.46737418175
7.48862919807
7.457918787
7.47532057762
7.47680401802
7.49407377243
7.51362581253
7.52381000519
7.49576501846
7.48499102592
7.48916883469
7.4861682415
7.4822259903
7.48980641365
7.48271660805
7.48300857544
7.49783501625
7.47832579613
7.4908288002
7.49929919243
7.51963438988
7.4858979702
7.44007978439
7.48747401237
7.49732918739
7.52220883369
7.47268939018
7.48032917976
7.47900338173
7.47801780701
7.49018397331
7.45348677635
7.47997179031
7.43273363113
7.49880919456
7.44780640602
7.50526237488
7.48719258308
7.47750082016
7.54010782242
7.51038255692
7.42424001694
7.43459320068
7.48292760849
7.44357681274
7.49158596992
7.4876666069
7.48791942596
7.47456521988
7.50275440216
7.47041759491
7.44515919685
7.45783343315
7.47846603394
7.47064580917
7.47416262627
7.48445620537
7.46730279922
7.51494340897
7.48835659027
7.49674463272
7.45413560867
7.47719640732
7.46869339943
7.48828158379
7.48915119171
7.49530901909
7.49445858002
7.4871301651
7.52998719215
7.47742118835
7.4891125679
7.45626020432
7.50605077744
7.47886757851
7.51980981827
7.47194924355
7.46678724289
7.50903820992
7.48437418938
7.46512384415
7.46579680443
7.47497859001
7.48357458115
7.52363400459
7.47306761742
7.54762864113
7.4604362011
7.50003261566
7.47484722137
7.45433440208
7.47919378281
7.471621418
7.49067702293
7.54430775642
7.47389678955
7.51126022339
7.49600739479
7.50295619965
7.51373200417
7.47360477448
7.52929739952
7.45835342407
7.59418282509
