batch times pre normalized by hold_sec =,5.0
wer, 8.0
cer, 3.38983050847
bs, 6
hold_idx, 2510
cuda, False
avg batch time, 4.03910022767
50%-tile latency, 0.668181165059
99%-tile latency, 0.850152929703
through put, 1.49660010233
data
4.22052178383
4.07382216454
4.0663877964
4.02183880806
4.02027921677
4.01064281464
4.0163359642
4.07119059563
4.03429303169
4.03597040176
3.97594437599
3.98166160583
4.00541162491
4.97913560867
4.24641799927
4.23891620636
5.23227620125
5.21792378426
4.33082079887
3.99937500954
4.03992619514
3.98691558838
4.00598921776
3.98638596535
3.99772539139
4.0539244175
4.0109131813
4.01308302879
3.99424057007
4.00011639595
4.0259513855
4.04106378555
3.98240680695
3.98690543175
4.0045167923
4.00484662056
4.00667738914
3.99580020905
3.99045357704
4.01953258514
4.00834503174
3.97328519821
3.9887594223
3.99219679832
3.99546022415
4.00080256462
3.98267822266
4.0074575901
4.01737580299
3.99094181061
4.01315641403
3.99603543282
3.99532437325
3.98718438148
4.02258901596
4.02364602089
4.04083900452
4.01443681717
4.03223457336
4.01122221947
4.05431280136
4.09481201172
4.06515140533
4.0119011879
4.02150001526
4.0429145813
4.04310321808
4.0204957962
4.01437959671
4.02033462524
3.99315543175
4.07381000519
4.01266436577
4.00234818459
4.01509418488
3.98949036598
4.02125878334
3.99012098312
4.03049798012
3.9977411747
4.02309498787
3.99832501411
3.9883436203
4.0202340126
4.01107521057
3.99047040939
3.98905558586
4.01620082855
4.05042057037
4.00983800888
3.99704236984
4.00032038689
4.01800999641
4.0276278019
3.9781015873
4.00862221718
3.98168144226
4.01315479279
3.98689661026
3.98933496475
3.99504141808
3.97843279839
3.9856525898
4.0045691967
3.99965696335
3.98758058548
4.03242082596
4.02612361908
3.99103240967
4.06623339653
3.97698841095
3.99367780685
4.03235878944
3.97769379616
4.01634659767
4.01785297394
3.97624139786
3.98248562813
4.00939817429
3.99305801392
4.0002705574
4.00877580643
4.00944499969
3.99765057564
4.01394300461
4.01460957527
4.00310897827
4.02690019608
3.99311699867
4.00192222595
4.03422179222
4.00297679901
4.00103378296
4.01540899277
4.01593360901
4.03003697395
4.02814040184
3.97164716721
3.96847319603
4.01264600754
4.0186920166
4.01972379684
4.0001912117
3.99764180183
3.99292397499
3.98133740425
4.02643857002
4.00748958588
4.00045981407
3.99358057976
